"ID","City","State",,,,,"States - Other"
"[10153] =",,"All over India",,,,,"Andaman Nicobar Islands - Other"
"[1093] =","Abhanpur","Chhattisgarh - Other",,,,,"Andhra Pradesh - Other"
"[1094] =","Achalpur","Maharashtra - Other",,,,,"Arunachal Pradesh - Other"
"[714] =","Adilabad","Andhra Pradesh - Other",,,,,"Assam - Other"
"[1095] =","Adirampattinam","Tamil Nadu - Other",,,,,"Bihar - Other"
"[1096] =","Adyal","Maharashtra - Other",,,,,"Chhattisgarh - Other"
"[1097] =","Afzalpur","Karnataka - Other",,,,,"Goa - Other"
"[10216] =","Agra New","Uttar Pradesh - Other",,,,,"Gujarat - Other"
"[1098] =","Agraharam","Andhra Pradesh - Other",,,,,"Haryana - Other"
"[841] =","Aheri","Maharashtra - Other",,,,,"Himachal Pradesh - Other"
"[1099] =","Ainapur","Maharashtra - Other",,,,,"Jammu & Kashmir - Other"
"[32] =","Aizawal","Mizoram - Other",,,,,"Jharkhand - Other"
"[832] =","Ajara","Maharashtra - Other",,,,,"Karnataka - Other"
"[1101] =","Ajjampur","Karnataka - Other",,,,,"Kerala - Other"
"[1102] =","Akaltara","Chhattisgarh - Other",,,,,"Lakshadweep - Other"
"[1103] =","Akbarpur","Uttar Pradesh - Other",,,,,"Madhya Pradesh - Other"
"[800] =","Akki","Karnataka - Other",,,,,"Maharashtra - Other"
"[1104] =","Akluj","Maharashtra - Other",,,,,"Manipur - Other"
"[1105] =","Akot","Maharashtra - Other",,,,,"Meghalaya - Other"
"[1106] =","Akurdi","Maharashtra - Other",,,,,"Mizoram - Other"
"[1107] =","Alakiamanavalam","Tamil Nadu - Other",,,,,"Nagaland - Other"
"[795] =","Aland","Karnataka - Other",,,,,"Orissa - Other"
"[786] =","Alappuzha","Kerala - Other",,,,,"Punjab - Other"
"[1108] =","Algapur","Assam - Other",,,,,"Rajasthan - Other"
"[1109] =","Allapalli","Maharashtra - Other",,,,,"Tamil Nadu - Other"
"[1110] =","Almel","Karnataka - Other",,,,,"Tripura - Other"
"[903] =","Almora","Uttarakhand - Other",,,,,"Uttar Pradesh - Other"
"[1111] =","Alnavar","Karnataka - Other",,,,,"Uttarakhand - Other"
"[1112] =","Altinho","Goa - Other",,,,,"Uttaranchal - Other"
"[1114] =","Alwarkurichi","Tamil Nadu - Other",,,,,"West Bengal - Other"
"[1115] =","Amadalavalasa","Andhra Pradesh - Other",,,,,
"[705] =","Amalapuram","Andhra Pradesh - Other",,,,,
"[1116] =","Amalner","Maharashtra - Other",,,,,
"[724] =","Amangal","Andhra Pradesh - Other",,,,,
"[1117] =","Amanganj","Madhya Pradesh - Other",,,,,
"[1118] =","Amarpur","Bihar - Other",,,,,
"[1119] =","Ambagarh Chowki","Chhattisgarh - Other",,,,,
"[970] =","Ambajogai","Maharashtra - Other",,,,,
"[1120] =","Ambasamudram","Tamil Nadu - Other",,,,,
"[1121] =","Ambathurai","Tamil Nadu - Other",,,,,
"[1122] =","Ambikapur","Chhattisgarh - Other",,,,,
"[1123] =","Ambilikkai","Tamil Nadu - Other",,,,,
"[1124] =","Amethi","Uttar Pradesh - Other",,,,,
"[1125] =","Amgaon","Maharashtra - Other",,,,,
"[1126] =","Amguri","Meghalaya - Other",,,,,
"[857] =","Amla","Madhya Pradesh - Other",,,,,
"[1127] =","Amnour","Bihar - Other",,,,,
"[1128] =","Amreli","Gujarat - Other",,,,,
"[1129] =","Amroli","Gujarat - Other",,,,,
"[1130] =","Anakapalle","Andhra Pradesh - Other",,,,,
"[1131] =","Anantnag","Jammu & Kashmir - Other",,,,,
"[1132] =","Anaparthy","Andhra Pradesh - Other",,,,,
"[1133] =","Anavatti","Karnataka - Other",,,,,
"[1134] =","Andaur","Bihar - Other",,,,,
"[1135] =","Anekal","Karnataka - Other",,,,,
"[1136] =","Angul","Orissa - Other",,,,,
"[1137] =","Anjangaon","Maharashtra - Other",,,,,
"[1138] =","Ankalagi","Karnataka - Other",,,,,
"[41] =","Ankleshwar","Gujarat - Other",,,,,
"[1139] =","Ankola","Karnataka - Other",,,,,
"[1140] =","Annavaram","Andhra Pradesh - Other",,,,,
"[1141] =","Annigeri","Karnataka - Other",,,,,
"[1142] =","Ansing","Maharashtra - Other",,,,,
"[1143] =","Anuppur","Madhya Pradesh - Other",,,,,
"[744] =","Arah","Bihar - Other",,,,,
"[1144] =","Arakalgud","Karnataka - Other",,,,,
"[1145] =","Aramboly","Tamil Nadu - Other",,,,,
"[750] =","Arang","Chhattisgarh - Other",,,,,
"[1146] =","Araria","Bihar - Other",,,,,
"[1147] =","Ardawata","Rajasthan - Other",,,,,
"[1148] =","Areraj","Bihar - Other",,,,,
"[1149] =","Ariyalur","Tamil Nadu - Other",,,,,
"[1150] =","Arjunda","Chhattisgarh - Other",,,,,
"[1151] =","Arjuni Morgaon","Maharashtra - Other",,,,,
"[1152] =","Arjunnagar","Haryana - Other",,,,,
"[1153] =","Armoor","Andhra Pradesh - Other",,,,,
"[1154] =","Armori","Maharashtra - Other",,,,,
"[825] =","Arni","Maharashtra - Other",,,,,
"[1155] =","Arsikere","Karnataka - Other",,,,,
"[1156] =","Arundhatinagar","Tripura - Other",,,,,
"[707] =","Arvathipuram","Andhra Pradesh - Other",,,,,
"[1157] =","Arvi","Maharashtra - Other",,,,,
"[43] =","Asansol","West Bengal - Other",,,,,
"[1158] =","Ashta","Maharashtra - Other",,,,,
"[858] =","Astha","Maharashtra - Other",,,,,
"[1159] =","Atarra","Uttar Pradesh - Other",,,,,
"[1160] =","Ateli","Haryana - Other",,,,,
"[804] =","Athani","Karnataka - Other",,,,,
"[1161] =","Atpadi","Maharashtra - Other",,,,,
"[1162] =","Atreyapuram","Andhra Pradesh - Other",,,,,
"[1163] =","Attili","Andhra Pradesh - Other",,,,,
"[1164] =","Attor","All over India",,,,,
"[1165] =","Augustmuni","Uttarakhand - Other",,,,,
"[1166] =","Aungaridham","Bihar - Other",,,,,
"[1167] =","Aurad","Karnataka - Other",,,,,
"[1168] =","Auraiya","Uttar Pradesh - Other",,,,,
"[1169] =","Ayurangabad","Maharashtra - Other",,,,,
"[1170] =","Ayyannapeta","Andhra Pradesh - Other",,,,,
"[1171] =","Azad Lakhimpur","Meghalaya - Other",,,,,
"[1172] =","Azamgarh","Uttar Pradesh - Other",,,,,
"[1173] =","Bableshwar","Karnataka - Other",,,,,
"[1174] =","Badagon","Uttar Pradesh - Other",,,,,
"[1175] =","Badami","Karnataka - Other",,,,,
"[1176] =","Badaun","Uttar Pradesh - Other",,,,,
"[1177] =","Badkot","Uttarakhand - Other",,,,,
"[971] =","Badnera","Maharashtra - Other",,,,,
"[1178] =","Badvel","Andhra Pradesh - Other",,,,,
"[799] =","Bagalkot","Karnataka - Other",,,,,
"[1179] =","Bagar","Rajasthan - Other",,,,,
"[1180] =","Bagbahara","Chhattisgarh - Other",,,,,
"[1181] =","Bagepalli","Karnataka - Other",,,,,
"[1182] =","Bageshwar","Uttarakhand - Other",,,,,
"[1183] =","Bagewadi","Karnataka - Other",,,,,
"[740] =","Bagha","Punjab - Other",,,,,
"[1184] =","Baghmara","Meghalaya - Other",,,,,
"[1185] =","Bagpat","Uttar Pradesh - Other",,,,,
"[1186] =","Bahadurganj","Bihar - Other",,,,,
"[769] =","Bahadurgarh","Haryana - Other",,,,,
"[1187] =","Baheri","Uttar Pradesh - Other",,,,,
"[46] =","Bahgalpur","Bihar - Other",,,,,
"[1188] =","Bahinsa","Andhra Pradesh - Other",,,,,
"[1189] =","Bahraich","Uttar Pradesh - Other",,,,,
"[1190] =","Baihata Chariali","Assam - Other",,,,,
"[1191] =","Baikunthpur","Bihar - Other",,,,,
"[1192] =","Bailhongal","Karnataka - Other",,,,,
"[1193] =","Bakhtiarpur","Bihar - Other",,,,,
"[1194] =","Bakhtiyarpur","Bihar - Other",,,,,
"[1195] =","Bakuchi","Uttar Pradesh - Other",,,,,
"[1196] =","Bakulaharmath","All over India",,,,,
"[1197] =","Balaghat","Madhya Pradesh - Other",,,,,
"[1198] =","Balarbhita","Assam - Other",,,,,
"[1089] =","Balasore","Orissa - Other",,,,,
"[1199] =","Balijapeta","Andhra Pradesh - Other",,,,,
"[972] =","Ballabhgarh","Haryana - Other",,,,,
"[1200] =","Ballare","Karnataka - Other",,,,,
"[1201] =","Ballarpur","Maharashtra - Other",,,,,
"[1202] =","Ballary","Karnataka - Other",,,,,
"[1203] =","Ballia","Uttar Pradesh - Other",,,,,
"[1204] =","Balod","Chhattisgarh - Other",,,,,
"[1205] =","Balodabazar","Chhattisgarh - Other",,,,,
"[1206] =","Balrampur","Uttar Pradesh - Other",,,,,
"[1207] =","Balsore","Orissa - Other",,,,,
"[1208] =","Banahatti","Karnataka - Other",,,,,
"[760] =","Banaskantha","Gujarat - Other",,,,,
"[884] =","Banda","Uttar Pradesh - Other",,,,,
"[1209] =","Bandalaguda Mandal","Andhra Pradesh - Other",,,,,
"[10240] =","Bangalore Rural","Karnataka - Other",,,,,
"[1210] =","Bangarpet","Karnataka - Other",,,,,
"[1211] =","Banka","Bihar - Other",,,,,
"[1212] =","Bankipore","Bihar - Other",,,,,
"[973] =","Bankura","West Bengal - Other",,,,,
"[818] =","Bannur","Karnataka - Other",,,,,
"[1213] =","Banswara","Rajasthan - Other",,,,,
"[1214] =","Bantma","All over India",,,,,
"[1215] =","Bantwal","Karnataka - Other",,,,,
"[717] =","Bapatla","Andhra Pradesh - Other",,,,,
"[1216] =","Barabanki","Uttar Pradesh - Other",,,,,
"[1217] =","Barachakia","Bihar - Other",,,,,
"[1218] =","Baradi","Assam - Other",,,,,
"[1219] =","Baraka","All over India",,,,,
"[1220] =","Baralu","Uttarakhand - Other",,,,,
"[1221] =","Barama","Assam - Other",,,,,
"[1222] =","Baramati","Maharashtra - Other",,,,,
"[1223] =","Baramulla","Jammu & Kashmir - Other",,,,,
"[1224] =","Baran","Rajasthan - Other",,,,,
"[1225] =","Baranghati","Assam - Other",,,,,
"[1226] =","Barapani","Meghalaya - Other",,,,,
"[1227] =","Barauni","Bihar - Other",,,,,
"[1228] =","Baraut","Uttar Pradesh - Other",,,,,
"[1229] =","Barayali","Rajasthan - Other",,,,,
"[1230] =","Barbigha","Bihar - Other",,,,,
"[1231] =","Bardoli","Gujarat - Other",,,,,
"[1232] =","Bargarh","Orissa - Other",,,,,
"[880] =","Bargur","Tamil Nadu - Other",,,,,
"[1233] =","Barh","Bihar - Other",,,,,
"[1234] =","Barharwa","Jharkhand - Other",,,,,
"[1235] =","Barhi","Jharkhand - Other",,,,,
"[1236] =","Barhiya","Bihar - Other",,,,,
"[1237] =","Barhiyar","All over India",,,,,
"[1238] =","Bariyarpur","Bihar - Other",,,,,
"[1239] =","Barkagaon","Jharkhand - Other",,,,,
"[1240] =","Barman","Madhya Pradesh - Other",,,,,
"[1241] =","Barmer","Rajasthan - Other",,,,,
"[10241] =","Baroda","Gujarat - Other",,,,,
"[1242] =","Barpeta","Assam - Other",,,,,
"[1243] =","Barshi","Maharashtra - Other",,,,,
"[1244] =","Baruva","Andhra Pradesh - Other",,,,,
"[1245] =","Basavanagudi","Karnataka - Other",,,,,
"[1246] =","Basna","Chhattisgarh - Other",,,,,
"[1247] =","Basrur","Karnataka - Other",,,,,
"[890] =","Basti","Uttar Pradesh - Other",,,,,
"[1248] =","Basugaon","Assam - Other",,,,,
"[1249] =","Baswakalyan","Karnataka - Other",,,,,
"[1250] =","Batadrava","Meghalaya - Other",,,,,
"[1251] =","Batapara","Chhattisgarh - Other",,,,,
"[1252] =","Baund Kalan","Haryana - Other",,,,,
"[1253] =","Baunsi","Bihar - Other",,,,,
"[1254] =","Bayana","Rajasthan - Other",,,,,
"[1255] =","Beawar","Rajasthan - Other",,,,,
"[1256] =","Bechraji","Gujarat - Other",,,,,
"[1257] =","Beed","Maharashtra - Other",,,,,
"[1258] =","Beenaganj","Madhya Pradesh - Other",,,,,
"[1259] =","Begusarai","Bihar - Other",,,,,
"[1260] =","Behror","Rajasthan - Other",,,,,
"[1261] =","Bellampalli","Andhra Pradesh - Other",,,,,
"[50] =","Bellary","Karnataka - Other",,,,,
"[1262] =","Belonia","Tripura - Other",,,,,
"[1263] =","Belthangady","Karnataka - Other",,,,,
"[816] =","Belur","Karnataka - Other",,,,,
"[1264] =","Bemetara","Chhattisgarh - Other",,,,,
"[909] =","Bengai","West Bengal - Other",,,,,
"[51] =","Bengaluru/bangalore","Karnataka - Other",,,,,
"[1265] =","Benipatti","Bihar - Other",,,,,
"[1077] =","Berhampur","Orissa - Other",,,,,
"[1266] =","Besagarahalli","Karnataka - Other",,,,,
"[1267] =","Betah","All over India",,,,,
"[1268] =","Betampady","Karnataka - Other",,,,,
"[1269] =","Betiah","Bihar - Other",,,,,
"[1270] =","Betul","Madhya Pradesh - Other",,,,,
"[1271] =","Bewoor","All over India",,,,,
"[1272] =","Bhabua","Bihar - Other",,,,,
"[1273] =","Bhaderwah","Jammu & Kashmir - Other",,,,,
"[1274] =","Bhadgaon","Maharashtra - Other",,,,,
"[715] =","Bhadrachalam","Andhra Pradesh - Other",,,,,
"[1275] =","Bhadrak","Orissa - Other",,,,,
"[810] =","Bhadravathi","Karnataka - Other",,,,,
"[1276] =","Bhadrawati","Maharashtra - Other",,,,,
"[745] =","Bhagwanpur","Uttarakhand - Other",,,,,
"[1277] =","Bhaisma","All over India",,,,,
"[793] =","Bhalki","Karnataka - Other",,,,,
"[1278] =","Bhamkheda","Maharashtra - Other",,,,,
"[1279] =","Bhanahalli","Karnataka - Other",,,,,
"[1280] =","Bhandara","Maharashtra - Other",,,,,
"[1281] =","Bhangar","Rajasthan - Other",,,,,
"[1282] =","Bhanswada","Uttarakhand - Other",,,,,
"[1283] =","Bharathi Nagar","Andhra Pradesh - Other",,,,,
"[1284] =","Bharatpur","Rajasthan - Other",,,,,
"[1285] =","Bharsinghi","Maharashtra - Other",,,,,
"[52] =","Bharuch","Gujarat - Other",,,,,
"[1286] =","Bhatgaon","Chhattisgarh - Other",,,,,
"[797] =","Bhatkal","Karnataka - Other",,,,,
"[974] =","Bhatoli","Himachal Pradesh - Other",,,,,
"[53] =","Bhavnagar","Gujarat - Other",,,,,
"[1287] =","Bheemunipatnam","Andhra Pradesh - Other",,,,,
"[1288] =","Bhekiajuli","Assam - Other",,,,,
"[1290] =","Bhilai Nagar","Chhattisgarh - Other",,,,,
"[1289] =","Bhilainagar","Chhattisgarh - Other",,,,,
"[1291] =","Bhilawadi","Maharashtra - Other",,,,,
"[54] =","Bhillai","Chhattisgarh - Other",,,,,
"[1292] =","Bhilloda","Gujarat - Other",,,,,
"[706] =","Bhimavaram","Andhra Pradesh - Other",,,,,
"[1294] =","Bhimtal","Uttarakhand - Other",,,,,
"[1295] =","Bhimunipatnam Mandal","Andhra Pradesh - Other",,,,,
"[1296] =","Bhind","Madhya Pradesh - Other",,,,,
"[827] =","Bhir","Maharashtra - Other",,,,,
"[1297] =","Bhisi","Maharashtra - Other",,,,,
"[767] =","Bhiwani","Haryana - Other",,,,,
"[1298] =","Bhiwapur","Maharashtra - Other",,,,,
"[1299] =","Bhojpur","Bihar - Other",,,,,
"[1300] =","Bhongir","Andhra Pradesh - Other",,,,,
"[1301] =","Bhopalpatnam","Chhattisgarh - Other",,,,,
"[1302] =","Bhor","Maharashtra - Other",,,,,
"[1303] =","Bhorey","Bihar - Other",,,,,
"[1304] =","Bhramarpur","Bihar - Other",,,,,
"[57] =","Bhuj","Gujarat - Other",,,,,
"[1305] =","Bhujni","Andhra Pradesh - Other",,,,,
"[1306] =","Bhurkunda","Jharkhand - Other",,,,,
"[975] =","Bhusawal","Maharashtra - Other",,,,,
"[1307] =","Bhusiya Rajaun","Bihar - Other",,,,,
"[1308] =","Bibirani","Rajasthan - Other",,,,,
"[1309] =","Bichukonda","Andhra Pradesh - Other",,,,,
"[1310] =","Biharsharif","Bihar - Other",,,,,
"[1311] =","Bihpuria","Assam - Other",,,,,
"[1312] =","Bijawar","Madhya Pradesh - Other",,,,,
"[976] =","Bijni","Assam - Other",,,,,
"[891] =","Bijnor","Uttar Pradesh - Other",,,,,
"[1078] =","Bikaneer","Rajasthan - Other",,,,,
"[1314] =","Bikram","Bihar - Other",,,,,
"[1315] =","Bikramganj","Bihar - Other",,,,,
"[1316] =","Bilaigarh","Chhattisgarh - Other",,,,,
"[1317] =","Bilasipara","Assam - Other",,,,,
"[60] =","Bilaspur","Chhattisgarh - Other",,,,,
"[10238] =","Bilaspur (C.G.)","Chhattisgarh - Other",,,,,
"[10239] =","Bilaspur (CG)","Chhattisgarh - Other",,,,,
"[1318] =","Bilgi","Karnataka - Other",,,,,
"[1319] =","Bilha","Chhattisgarh - Other",,,,,
"[1320] =","Billimora","Gujarat - Other",,,,,
"[859] =","Birbhum","West Bengal - Other",,,,,
"[1321] =","Biroul","Bihar - Other",,,,,
"[1322] =","Birouli","Uttar Pradesh - Other",,,,,
"[1323] =","Birpur","Bihar - Other",,,,,
"[1324] =","Birsinghpur Pali","Madhya Pradesh - Other",,,,,
"[1325] =","Bishenpur","Manipur - Other",,,,,
"[1326] =","Bishnupur","West Bengal - Other",,,,,
"[1327] =","Bithora","Rajasthan - Other",,,,,
"[1328] =","Bnankur","Karnataka - Other",,,,,
"[1329] =","Bobbili","Andhra Pradesh - Other",,,,,
"[1330] =","Bobili","All over India",,,,,
"[722] =","Bodhan","Andhra Pradesh - Other",,,,,
"[1331] =","Bodinayakanur","Tamil Nadu - Other",,,,,
"[1332] =","Bodwad","Maharashtra - Other",,,,,
"[1333] =","Bokakhat","Assam - Other",,,,,
"[61] =","Bokaro","Jharkhand - Other",,,,,
"[1334] =","Boko","Assam - Other",,,,,
"[1335] =","Bolegaon","Maharashtra - Other",,,,,
"[1336] =","Bollaram","Andhra Pradesh - Other",,,,,
"[1337] =","Bomdila","Arunachal Pradesh - Other",,,,,
"[977] =","Bongaigaon","Assam - Other",,,,,
"[1338] =","Bongalgaon","Assam - Other",,,,,
"[1339] =","Borgaon Manju","Maharashtra - Other",,,,,
"[1340] =","Borhat","Assam - Other",,,,,
"[1341] =","Bori Arab","Maharashtra - Other",,,,,
"[1342] =","Botad","Gujarat - Other",,,,,
"[1343] =","Boudh","Orissa - Other",,,,,
"[10179] =","Boyipalem","Andhra Pradesh - Other",,,,,
"[1344] =","Brahmapuri","Maharashtra - Other",,,,,
"[1345] =","Brahmavar","Karnataka - Other",,,,,
"[1346] =","Broach","All over India",,,,,
"[1347] =","Buchireddypalem","Andhra Pradesh - Other",,,,,
"[1348] =","Budaun","Uttar Pradesh - Other",,,,,
"[885] =","Bulandshahr","Uttar Pradesh - Other",,,,,
"[978] =","Buldana","Maharashtra - Other",,,,,
"[1349] =","Buldhana","Maharashtra - Other",,,,,
"[1350] =","Bulsar","Gujarat - Other",,,,,
"[1352] =","Bungkawn","Mizoram - Other",,,,,
"[1353] =","Burhanpur","Madhya Pradesh - Other",,,,,
"[1354] =","Burhar","Madhya Pradesh - Other",,,,,
"[1355] =","Butibori","Maharashtra - Other",,,,,
"[1356] =","Buxar","Bihar - Other",,,,,
"[1357] =","Byadgi","Karnataka - Other",,,,,
"[1358] =","Byndoor","Karnataka - Other",,,,,
"[731] =","Cachar","Assam - Other",,,,,
"[1360] =","Caranzalem","Goa - Other",,,,,
"[1361] =","Chabua","Assam - Other",,,,,
"[1362] =","Chadachan","Karnataka - Other",,,,,
"[1363] =","Chakan","Maharashtra - Other",,,,,
"[1364] =","Chakghat","Madhya Pradesh - Other",,,,,
"[1365] =","Chakiayaj","All over India",,,,,
"[1366] =","Chakmoh","Himachal Pradesh - Other",,,,,
"[1367] =","Chalisgaon","Maharashtra - Other",,,,,
"[1368] =","Challakere","Karnataka - Other",,,,,
"[817] =","Chamarajanagar","Karnataka - Other",,,,,
"[1369] =","Chamata","Assam - Other",,,,,
"[1370] =","Chamba","Himachal Pradesh - Other",,,,,
"[1371] =","Chamorshi","Maharashtra - Other",,,,,
"[747] =","Champa","Chhattisgarh - Other",,,,,
"[1372] =","Champaran","Bihar - Other",,,,,
"[1373] =","Champawat","Uttarakhand - Other",,,,,
"[1374] =","Champhai","Mizoram - Other",,,,,
"[1375] =","Chanasma","Gujarat - Other",,,,,
"[1376] =","Chanda Nagar","Andhra Pradesh - Other",,,,,
"[1377] =","Chandauli","Uttar Pradesh - Other",,,,,
"[1378] =","Chandel","Manipur - Other",,,,,
"[1379] =","Chandernagore","West Bengal - Other",,,,,
"[1380] =","Chandgad","Maharashtra - Other",,,,,
"[741] =","Chandi","All over India",,,,,
"[843] =","Chandrapur","Maharashtra - Other",,,,,
"[1381] =","Chandur Bazar","Maharashtra - Other",,,,,
"[1382] =","Chandwad","Maharashtra - Other",,,,,
"[1383] =","Changalpattu","Tamil Nadu - Other",,,,,
"[1064] =","Changanassery","Kerala - Other",,,,,
"[1384] =","Changlang","Arunachal Pradesh - Other",,,,,
"[1385] =","Channapatna","Karnataka - Other",,,,,
"[1386] =","Channarayanapatna","Karnataka - Other",,,,,
"[1387] =","Chapar","Assam - Other",,,,,
"[742] =","Chapra","Bihar - Other",,,,,
"[1388] =","Charama","Chhattisgarh - Other",,,,,
"[1389] =","Charing","All over India",,,,,
"[1390] =","Chas","Jharkhand - Other",,,,,
"[1391] =","Chatra","Jharkhand - Other",,,,,
"[1392] =","Chaubatakhal","Uttarakhand - Other",,,,,
"[1393] =","Cheeka","Haryana - Other",,,,,
"[1394] =","Chembarambakkam","Tamil Nadu - Other",,,,,
"[1395] =","Chengalpattu","Tamil Nadu - Other",,,,,
"[1396] =","Chengam","Tamil Nadu - Other",,,,,
"[10170] =","Chengannur","Kerala - Other",,,,,
"[1397] =","Chennoor","Andhra Pradesh - Other",,,,,
"[1398] =","Cherapunjee","Meghalaya - Other",,,,,
"[10222] =","Chhapra","Bihar - Other",,,,,
"[1399] =","Chhatarpur","Madhya Pradesh - Other",,,,,
"[65] =","Chhatisgarh - Other","Chhatisgarh - Other",,,,,
"[1400] =","Chhaygaon","Assam - Other",,,,,
"[1401] =","Chhindwara","Madhya Pradesh - Other",,,,,
"[1402] =","Chhuikhadan","Chhattisgarh - Other",,,,,
"[1403] =","Chhuriya","Chhattisgarh - Other",,,,,
"[1404] =","Chickaballapur","Karnataka - Other",,,,,
"[1405] =","Chickanyakanahally","Karnataka - Other",,,,,
"[790] =","Chickballapur","Karnataka - Other",,,,,
"[1406] =","Chickkanayanakahalli","Karnataka - Other",,,,,
"[1407] =","Chickmagalore","Karnataka - Other",,,,,
"[1408] =","Chickmagalur","Karnataka - Other",,,,,
"[979] =","Chidambaram","Tamil Nadu - Other",,,,,
"[1409] =","Chikaballapur","Karnataka - Other",,,,,
"[1410] =","Chikali","Gujarat - Other",,,,,
"[1411] =","Chikamagalur","Karnataka - Other",,,,,
"[1412] =","Chikhaldara","Maharashtra - Other",,,,,
"[1413] =","Chikhali","Karnataka - Other",,,,,
"[1414] =","Chikhli","Gujarat - Other",,,,,
"[1415] =","Chikkabalapur","Karnataka - Other",,,,,
"[1416] =","Chikkajajurg","Karnataka - Other",,,,,
"[1417] =","Chikkodi","Karnataka - Other",,,,,
"[1418] =","Chikmaglur","Karnataka - Other",,,,,
"[1419] =","Chimur","Maharashtra - Other",,,,,
"[1420] =","Chincholi","Karnataka - Other",,,,,
"[1421] =","Chindwara","Madhya Pradesh - Other",,,,,
"[980] =","Chingleput","Tamil Nadu - Other",,,,,
"[1422] =","Chinnamakkapalle","All over India",,,,,
"[1423] =","Chintalapudi","Andhra Pradesh - Other",,,,,
"[789] =","Chinthamani","Karnataka - Other",,,,,
"[1424] =","Chirimiri","Chhattisgarh - Other",,,,,
"[1425] =","Chitaguppa","Karnataka - Other",,,,,
"[1426] =","Chitrakoot","Karnataka - Other",,,,,
"[1427] =","Chittapur","Karnataka - Other",,,,,
"[1428] =","Chittaranjan","West Bengal - Other",,,,,
"[1429] =","Chittorgarh","Rajasthan - Other",,,,,
"[1430] =","Chityal","Andhra Pradesh - Other",,,,,
"[1431] =","Chodavaram","Andhra Pradesh - Other",,,,,
"[1432] =","Chokkanahalli","Karnataka - Other",,,,,
"[830] =","Chopda","Maharashtra - Other",,,,,
"[1433] =","Choutappul","Andhra Pradesh - Other",,,,,
"[1434] =","Chowdavaram","Andhra Pradesh - Other",,,,,
"[774] =","Chowki","All over India",,,,,
"[981] =","Chunkankadai","Tamil Nadu - Other",,,,,
"[1435] =","Churachandpur","Manipur - Other",,,,,
"[1436] =","Churu","Rajasthan - Other",,,,,
"[1437] =","Churulia","West Bengal - Other",,,,,
"[1438] =","Cooch Behar","West Bengal - Other",,,,,
"[1439] =","Courtallam","Tamil Nadu - Other",,,,,
"[68] =","Cuddalore","Tamil Nadu - Other",,,,,
"[1440] =","Dabhade","Maharashtra - Other",,,,,
"[1441] =","Dabhra","Chhattisgarh - Other",,,,,
"[1442] =","Dahiwadi","Maharashtra - Other",,,,,
"[1443] =","Dahod","Gujarat - Other",,,,,
"[1444] =","Dakpathar","Uttarakhand - Other",,,,,
"[1445] =","Dakshin Dinajpur","West Bengal - Other",,,,,
"[819] =","Dakshina Kannada","Karnataka - Other",,,,,
"[71] =","Dalhousie","Himachal Pradesh - Other",,,,,
"[1446] =","Dalkhela","All over India",,,,,
"[1447] =","Dallirajhara","Chhattisgarh - Other",,,,,
"[1448] =","Dalmia Nagar","Bihar - Other",,,,,
"[1449] =","Dalsingsarai","Bihar - Other",,,,,
"[1451] =","Damoh","Madhya Pradesh - Other",,,,,
"[1452] =","Dandeli","Karnataka - Other",,,,,
"[1453] =","Dantewada","Chhattisgarh - Other",,,,,
"[1454] =","Dapodi","Maharashtra - Other",,,,,
"[982] =","Dapoli","Maharashtra - Other",,,,,
"[738] =","Darbhanga","Bihar - Other",,,,,
"[1455] =","Darhatta Lari","Bihar - Other",,,,,
"[1457] =","Darrang","Assam - Other",,,,,
"[1458] =","Darwha","Maharashtra - Other",,,,,
"[1459] =","Daryapur","Maharashtra - Other",,,,,
"[1460] =","Datia","Madhya Pradesh - Other",,,,,
"[1461] =","Daund","Maharashtra - Other",,,,,
"[1462] =","Dausa","Rajasthan - Other",,,,,
"[10218] =","Dausa (RAJASTHAN)","Rajasthan - Other",,,,,
"[1463] =","Davagere","Karnataka - Other",,,,,
"[1464] =","Davanagar","Karnataka - Other",,,,,
"[1465] =","Dayalpur","Haryana - Other",,,,,
"[1466] =","Deeg","Rajasthan - Other",,,,,
"[1467] =","Deenapur","Uttar Pradesh - Other",,,,,
"[1468] =","Deesa","Gujarat - Other",,,,,
"[1469] =","Degghar","Jharkhand - Other",,,,,
"[1470] =","Degloor","Maharashtra - Other",,,,,
"[1471] =","Dehri","Bihar - Other",,,,,
"[1472] =","Demow","Assam - Other",,,,,
"[1473] =","Deodurga","Karnataka - Other",,,,,
"[735] =","Deoghar","Jharkhand - Other",,,,,
"[1474] =","Deola","Maharashtra - Other",,,,,
"[1475] =","Deolali","Maharashtra - Other",,,,,
"[1476] =","Deoli","Rajasthan - Other",,,,,
"[1477] =","Deopriyag","Uttarakhand - Other",,,,,
"[1478] =","Deorh","Bihar - Other",,,,,
"[1479] =","Deori","Maharashtra - Other",,,,,
"[1480] =","Deoria","Bihar - Other",,,,,
"[1481] =","Dergaon","Assam - Other",,,,,
"[1483] =","Desai Ganj","All over India",,,,,
"[1482] =","Desaiganj","Maharashtra - Other",,,,,
"[1484] =","Devanahalli","Karnataka - Other",,,,,
"[1485] =","Devarkonda","Andhra Pradesh - Other",,,,,
"[1486] =","Devazrapalli","Andhra Pradesh - Other",,,,,
"[1487] =","Devendranagar","Madhya Pradesh - Other",,,,,
"[1488] =","Devunupally","Andhra Pradesh - Other",,,,,
"[860] =","Dewas","Madhya Pradesh - Other",,,,,
"[1489] =","Dhadgaon","Maharashtra - Other",,,,,
"[1490] =","Dhaliara","Himachal Pradesh - Other",,,,,
"[824] =","Dhamangaon","Maharashtra - Other",,,,,
"[1491] =","Dhamdha","Chhattisgarh - Other",,,,,
"[1492] =","Dhamri","Punjab - Other",,,,,
"[1493] =","Dhamtari","Chhattisgarh - Other",,,,,
"[1494] =","Dhanora","Uttar Pradesh - Other",,,,,
"[1495] =","Dhanpuri","Madhya Pradesh - Other",,,,,
"[1496] =","Dhansura","Gujarat - Other",,,,,
"[755] =","Dhar","Madhya Pradesh - Other",,,,,
"[1497] =","Dharamshala","Himachal Pradesh - Other",,,,,
"[1498] =","Dharangaon","Maharashtra - Other",,,,,
"[1499] =","Dharmapuri","Tamil Nadu - Other",,,,,
"[77] =","Dharmasala","Himachal Pradesh - Other",,,,,
"[10227] =","Dharmshala","Himachal Pradesh - Other",,,,,
"[1500] =","Dhemaji","Assam - Other",,,,,
"[1501] =","Dhenkanal","Orissa - Other",,,,,
"[1502] =","Dhing","Assam - Other",,,,,
"[1503] =","Dhmaji","Assam - Other",,,,,
"[1504] =","Dhobi Lampak","Manipur - Other",,,,,
"[1505] =","Dholi","Bihar - Other",,,,,
"[1506] =","Dholpur","Rajasthan - Other",,,,,
"[1507] =","Dhubri","Assam - Other",,,,,
"[1508] =","Dhubsel Dhubri","Assam - Other",,,,,
"[1509] =","Digboi","Assam - Other",,,,,
"[850] =","Dighi","Bihar - Other",,,,,
"[1510] =","Digiana","Jammu & Kashmir - Other",,,,,
"[1511] =","Digras","Maharashtra - Other",,,,,
"[79] =","Dimapur","Nagaland - Other",,,,,
"[1512] =","Dimoria","Assam - Other",,,,,
"[1513] =","Dindigul","Tamil Nadu - Other",,,,,
"[1514] =","Dindori","Maharashtra - Other",,,,,
"[1515] =","Diphu","Assam - Other",,,,,
"[1516] =","Dist Mehsana","Gujarat - Other",,,,,
"[784] =","Doda","Jammu & Kashmir - Other",,,,,
"[1517] =","Doddaballapura","Karnataka - Other",,,,,
"[1518] =","Dolgoma","Assam - Other",,,,,
"[1519] =","Dondaicha","Maharashtra - Other",,,,,
"[1520] =","Dongargaon","Chhattisgarh - Other",,,,,
"[1521] =","Dongargarh","Maharashtra - Other",,,,,
"[1522] =","Donwarihat","Bihar - Other",,,,,
"[1523] =","Doom Dooma","Assam - Other",,,,,
"[1524] =","Dubaldhan","Haryana - Other",,,,,
"[1525] =","Dudhnoi","Assam - Other",,,,,
"[1526] =","Dujana","Haryana - Other",,,,,
"[983] =","Duliajan","Assam - Other",,,,,
"[1527] =","Dumka","Jharkhand - Other",,,,,
"[1528] =","Dumpagadapa","Andhra Pradesh - Other",,,,,
"[1529] =","Dumraon","Bihar - Other",,,,,
"[1530] =","Dungarpur","Rajasthan - Other",,,,,
"[748] =","Durg","Chhattisgarh - Other",,,,,
"[1531] =","Durgarpur","West Bengal - Other",,,,,
"[10164] =","Durgi","Arunachal Pradesh - Other",,,,,
"[1532] =","Durtlang","Mizoram - Other",,,,,
"[1533] =","Dwarahat","Uttarakhand - Other",,,,,
"[1534] =","East Champaran","Bihar - Other",,,,,
"[712] =","East Godavari","Andhra Pradesh - Other",,,,,
"[1535] =","East Siang","Arunachal Pradesh - Other",,,,,
"[984] =","Eluru","Andhra Pradesh - Other",,,,,
"[1536] =","Erandol","Maharashtra - Other",,,,,
"[81] =","Ernakulam","Kerala - Other",,,,,
"[1537] =","Etah","Uttar Pradesh - Other",,,,,
"[1538] =","Etapalli","Maharashtra - Other",,,,,
"[1539] =","Etawah","Uttar Pradesh - Other",,,,,
"[1540] =","Etharod","Gujarat - Other",,,,,
"[83] =","Faizabad","Uttar Pradesh - Other",,,,,
"[831] =","Faizpur","Maharashtra - Other",,,,,
"[1541] =","Farrukhabad","Uttar Pradesh - Other",,,,,
"[1542] =","Farukh Nagar","Haryana - Other",,,,,
"[1543] =","Fatehabad","Uttar Pradesh - Other",,,,,
"[1544] =","Fatehgarh Sahib","Punjab - Other",,,,,
"[1545] =","Fatehpur","Uttar Pradesh - Other",,,,,
"[1547] =","Firozabad","Uttar Pradesh - Other",,,,,
"[1548] =","Forbesganj","Bihar - Other",,,,,
"[1549] =","Gadag","Karnataka - Other",,,,,
"[1550] =","Gadchandur","Maharashtra - Other",,,,,
"[766] =","Gadchiroli","Maharashtra - Other",,,,,
"[1551] =","Gadegaon","Maharashtra - Other",,,,,
"[1552] =","Gadhada","Gujarat - Other",,,,,
"[986] =","Gadhinglaj","Maharashtra - Other",,,,,
"[1553] =","Gadohiroli","Maharashtra - Other",,,,,
"[1554] =","Gadwal","Andhra Pradesh - Other",,,,,
"[1555] =","Gajapathinagaram","Andhra Pradesh - Other",,,,,
"[1556] =","Gajapati","Orissa - Other",,,,,
"[1557] =","Gajendragad","Karnataka - Other",,,,,
"[1558] =","Gajsinghpur","Rajasthan - Other",,,,,
"[721] =","Gajwel","Andhra Pradesh - Other",,,,,
"[1559] =","Ganapavaram","Andhra Pradesh - Other",,,,,
"[1560] =","Gandai","Chhattisgarh - Other",,,,,
"[1561] =","Gandasi","Karnataka - Other",,,,,
"[783] =","Gandhi Nagar","Gujarat - Other",,,,,
"[10242] =","Gandhidham","Gujarat - Other",,,,,
"[1562] =","Ganganagar","Rajasthan - Other",,,,,
"[1563] =","Gangananagar","Rajasthan - Other",,,,,
"[828] =","Gangapur","Rajasthan - Other",,,,,
"[1564] =","Gangapurcity","Rajasthan - Other",,,,,
"[1565] =","Gangavathi","Karnataka - Other",,,,,
"[1566] =","Gangyal","Jammu & Kashmir - Other",,,,,
"[1567] =","Ganjbasoda","Madhya Pradesh - Other",,,,,
"[1568] =","Ganjdundwara","Uttar Pradesh - Other",,,,,
"[987] =","Gargaon","Jharkhand - Other",,,,,
"[1569] =","Gargoti","Maharashtra - Other",,,,,
"[1570] =","Garhwa","Jharkhand - Other",,,,,
"[913] =","Garhwal","Uttarakhand - Other",,,,,
"[1572] =","Gari Rampur","Uttar Pradesh - Other",,,,,
"[1571] =","Gariaband","Chhattisgarh - Other",,,,,
"[1573] =","Gariyadhar","Gujarat - Other",,,,,
"[10176] =","Gauhati","Assam - Other",,,,,
"[900] =","Gautam Budh Nagar","Uttar Pradesh - Other",,,,,
"[1574] =","Georai","Maharashtra - Other",,,,,
"[1575] =","Ghatanjee","Maharashtra - Other",,,,,
"[1576] =","Ghataprabha","Karnataka - Other",,,,,
"[1578] =","Ghhaygaon","Assam - Other",,,,,
"[1579] =","Ghilamara","Assam - Other",,,,,
"[1580] =","Ghodegaon","Maharashtra - Other",,,,,
"[1581] =","Ghorasahan","Bihar - Other",,,,,
"[1582] =","Ghumka","Madhya Pradesh - Other",,,,,
"[1583] =","Ghuwara","Madhya Pradesh - Other",,,,,
"[1584] =","Giddaluru","Andhra Pradesh - Other",,,,,
"[1585] =","Gidhaur","Bihar - Other",,,,,
"[88] =","Gir","Gujarat - Other",,,,,
"[1586] =","Giridih","Jharkhand - Other",,,,,
"[1587] =","Goalpara","Assam - Other",,,,,
"[1588] =","Godavarikhani","Andhra Pradesh - Other",,,,,
"[1589] =","Godda","Jharkhand - Other",,,,,
"[1590] =","Godwal","Uttar Pradesh - Other",,,,,
"[1591] =","Gogamukh","Assam - Other",,,,,
"[1592] =","Gogri","Bihar - Other",,,,,
"[1593] =","Gohana","Haryana - Other",,,,,
"[1594] =","Gohpur","Assam - Other",,,,,
"[1595] =","Gojaria","All over India",,,,,
"[1596] =","Gokak","Karnataka - Other",,,,,
"[988] =","Golaghat","Assam - Other",,,,,
"[1597] =","Golakganj","Assam - Other",,,,,
"[1598] =","Gollalamamidada","Andhra Pradesh - Other",,,,,
"[1599] =","Gomoh","Jharkhand - Other",,,,,
"[894] =","Gonda","Uttar Pradesh - Other",,,,,
"[989] =","Gondia","Maharashtra - Other",,,,,
"[1600] =","Gondpipari","Maharashtra - Other",,,,,
"[1601] =","Gopalapatnam","Andhra Pradesh - Other",,,,,
"[1602] =","Gopalgaj","All over India",,,,,
"[1603] =","Gopalganj","Bihar - Other",,,,,
"[1604] =","Gopalgunj","All over India",,,,,
"[1605] =","Gopannapalem","Andhra Pradesh - Other",,,,,
"[1606] =","Gopeshwar","Uttarakhand - Other",,,,,
"[1607] =","Goraimari","Assam - Other",,,,,
"[1608] =","Goreakothi","Bihar - Other",,,,,
"[1609] =","Goregaon","Maharashtra - Other",,,,,
"[1610] =","Goreswar","Assam - Other",,,,,
"[1611] =","Gorur","Karnataka - Other",,,,,
"[1612] =","Gosaith","All over India",,,,,
"[1613] =","Gossaigaon","West Bengal - Other",,,,,
"[1614] =","Gouripur","Assam - Other",,,,,
"[781] =","Govindpur","Uttar Pradesh - Other",,,,,
"[1615] =","Gowribidanur","Karnataka - Other",,,,,
"[1617] =","Gubbi","Karnataka - Other",,,,,
"[1618] =","Gudibande","Karnataka - Other",,,,,
"[1619] =","Gudigeri","Karnataka - Other",,,,,
"[1620] =","Gudivada","Andhra Pradesh - Other",,,,,
"[10183] =","Gudur","Andhra Pradesh - Other",,,,,
"[1621] =","Guhawati","Assam - Other",,,,,
"[1622] =","Guiwahati","All over India",,,,,
"[1623] =","Gulabpura","Rajasthan - Other",,,,,
"[1624] =","Guledagudda","Karnataka - Other",,,,,
"[1625] =","Gumla","Jharkhand - Other",,,,,
"[990] =","Guna","Madhya Pradesh - Other",,,,,
"[1626] =","Gundlupet","Karnataka - Other",,,,,
"[1627] =","Gunjoti","Maharashtra - Other",,,,,
"[93] =","Guntakal","Andhra Pradesh - Other",,,,,
"[863] =","Gurdaspur","Punjab - Other",,,,,
"[1628] =","Gurmitkal","Karnataka - Other",,,,,
"[1629] =","Gurukul Kangri","Uttarakhand - Other",,,,,
"[1630] =","Gushkara","West Bengal - Other",,,,,
"[1631] =","Guwhati","Assam - Other",,,,,
"[1632] =","Gwalor","Madhya Pradesh - Other",,,,,
"[1633] =","Hadagali","Karnataka - Other",,,,,
"[1634] =","Hafizpur","Uttar Pradesh - Other",,,,,
"[1635] =","Hailakandi","Assam - Other",,,,,
"[1636] =","Hajipur","Bihar - Other",,,,,
"[10186] =","Haldwani","Uttarakhand - Other",,,,,
"[1637] =","Haleangadi","Karnataka - Other",,,,,
"[1638] =","Haliya","Uttar Pradesh - Other",,,,,
"[1639] =","Haliyal","Karnataka - Other",,,,,
"[1640] =","Halkarni","Maharashtra - Other",,,,,
"[777] =","Hamirpur","Uttar Pradesh - Other",,,,,
"[1641] =","Hanagund","Karnataka - Other",,,,,
"[1642] =","Hanamkonda","Andhra Pradesh - Other",,,,,
"[1643] =","Handwara","Jammu & Kashmir - Other",,,,,
"[803] =","Hangal","Karnataka - Other",,,,,
"[1644] =","Hanterganj","Jharkhand - Other",,,,,
"[1645] =","Hanumangarh","Rajasthan - Other",,,,,
"[1646] =","Hanur","Karnataka - Other",,,,,
"[1647] =","Harda","Madhya Pradesh - Other",,,,,
"[1648] =","Hardi Bazar","Chhattisgarh - Other",,,,,
"[1649] =","Hardoi","Uttar Pradesh - Other",,,,,
"[1650] =","Hardwar","Uttar Pradesh - Other",,,,,
"[991] =","Harihar","Karnataka - Other",,,,,
"[1652] =","Harpalpur","Uttar Pradesh - Other",,,,,
"[1653] =","Harpanahalli","Karnataka - Other",,,,,
"[1654] =","Harrai","Madhya Pradesh - Other",,,,,
"[1655] =","Harugeri","Karnataka - Other",,,,,
"[1656] =","Hassar","Karnataka - Other",,,,,
"[1657] =","Hathiyama","Bihar - Other",,,,,
"[1658] =","Hathras","Uttar Pradesh - Other",,,,,
"[1659] =","Hathwa","Bihar - Other",,,,,
"[1660] =","Hatkananagale","Maharashtra - Other",,,,,
"[1661] =","Hatsingimari","Assam - Other",,,,,
"[1662] =","Hatta Damoh","Madhya Pradesh - Other",,,,,
"[1663] =","Hatundi","Rajasthan - Other",,,,,
"[1664] =","Haunsbhavi","Karnataka - Other",,,,,
"[1665] =","Haveli Kharagur","Bihar - Other",,,,,
"[1666] =","Haveri","Karnataka - Other",,,,,
"[1667] =","Hazaribad","All over India",,,,,
"[1668] =","Hazaribag","All over India",,,,,
"[1669] =","Hazaribagh","Jharkhand - Other",,,,,
"[1670] =","Hebbal","Karnataka - Other",,,,,
"[1671] =","Hebri","Karnataka - Other",,,,,
"[1672] =","Heggadadevanakote","Karnataka - Other",,,,,
"[1673] =","Hesaraghatta","Karnataka - Other",,,,,
"[1674] =","Hetampur","Uttarakhand - Other",,,,,
"[1675] =","Hilsa","Bihar - Other",,,,,
"[992] =","Himayatnagar","Andhra Pradesh - Other",,,,,
"[1676] =","Himmatnagar","Gujarat - Other",,,,,
"[1677] =","Hindupur","Andhra Pradesh - Other",,,,,
"[1678] =","Hinganghat","Maharashtra - Other",,,,,
"[1679] =","Hingna","Maharashtra - Other",,,,,
"[1680] =","Hingoli","Maharashtra - Other",,,,,
"[1681] =","Hirekerur","Karnataka - Other",,,,,
"[1682] =","Hiriyur","Karnataka - Other",,,,,
"[1683] =","Hisua","Bihar - Other",,,,,
"[1684] =","Hittinahalli","Karnataka - Other",,,,,
"[1685] =","Hiyangthang","Manipur - Other",,,,,
"[1686] =","Hnahthial","Mizoram - Other",,,,,
"[1687] =","Holalkere","Karnataka - Other",,,,,
"[1688] =","Hole","Karnataka - Other",,,,,
"[1689] =","Holehonnur","Karnataka - Other",,,,,
"[1690] =","Holenarasipura","Karnataka - Other",,,,,
"[1691] =","Honnavar","Karnataka - Other",,,,,
"[910] =","Hooghly","West Bengal - Other",,,,,
"[908] =","Hoogly","West Bengal - Other",,,,,
"[1692] =","Horti","Karnataka - Other",,,,,
"[1693] =","Hosadurga","Karnataka - Other",,,,,
"[1694] =","Hosanagar","Karnataka - Other",,,,,
"[1695] =","Hoshangabad","Madhya Pradesh - Other",,,,,
"[1696] =","Hoshiarpur","Punjab - Other",,,,,
"[1697] =","Hospet","Karnataka - Other",,,,,
"[102] =","Hosur","Tamil Nadu - Other",,,,,
"[1698] =","Howli","Assam - Other",,,,,
"[1699] =","Howly","Assam - Other",,,,,
"[1700] =","Hulkoti","Karnataka - Other",,,,,
"[1701] =","Humanabad","Karnataka - Other",,,,,
"[1702] =","Humnabad","Karnataka - Other",,,,,
"[1703] =","Hunsur","Karnataka - Other",,,,,
"[1704] =","Hunsur Taluk","Karnataka - Other",,,,,
"[1705] =","Husaini Alam","Andhra Pradesh - Other",,,,,
"[1706] =","Huzoornagar","Andhra Pradesh - Other",,,,,
"[716] =","Huzurabad","Andhra Pradesh - Other",,,,,
"[104] =","Hyderabad / Secunderabad","Andhra Pradesh - Other",,,,,
"[723] =","Ibrahimpatnam","Andhra Pradesh - Other",,,,,
"[1707] =","Ichalkaranji","Maharashtra - Other",,,,,
"[1708] =","Ichapuram","Andhra Pradesh - Other",,,,,
"[762] =","Idar","Gujarat - Other",,,,,
"[851] =","Igatpuri","Maharashtra - Other",,,,,
"[1709] =","Iikal","Karnataka - Other",,,,,
"[10244] =","IN ALL THE STATES OF INDIA","All over India",,,,,
"[1710] =","Inchal","Karnataka - Other",,,,,
"[802] =","Indi","Karnataka - Other",,,,,
"[1711] =","Inkollu","Andhra Pradesh - Other",,,,,
"[1712] =","Islampur","Bihar - Other",,,,,
"[1713] =","Itarsi","Madhya Pradesh - Other",,,,,
"[896] =","Izatnagar","Madhya Pradesh - Other",,,,,
"[1714] =","Jadcheria","Andhra Pradesh - Other",,,,,
"[1715] =","Jafrabad","Gujarat - Other",,,,,
"[10155] =","Jagadhri","Haryana - Other",,,,,
"[1716] =","Jagalur","Karnataka - Other",,,,,
"[752] =","Jagdalpur","Chhattisgarh - Other",,,,,
"[1717] =","Jaggampeta","Andhra Pradesh - Other",,,,,
"[1718] =","Jagtial","Andhra Pradesh - Other",,,,,
"[1719] =","Jahanabad","Uttar Pradesh - Other",,,,,
"[1720] =","Jaintia Hills","Meghalaya - Other",,,,,
"[1721] =","Jaisinghnagar","Madhya Pradesh - Other",,,,,
"[1722] =","Jaitpur","Rajasthan - Other",,,,,
"[1723] =","Jajapur","Orissa - Other",,,,,
"[1724] =","Jakatwadi","Maharashtra - Other",,,,,
"[1725] =","Jalahghat","Assam - Other",,,,,
"[1726] =","Jalalpur","Uttar Pradesh - Other",,,,,
"[1727] =","Jalaun","Uttar Pradesh - Other",,,,,
"[1728] =","Jalesar","Uttar Pradesh - Other",,,,,
"[1729] =","Jaleswar","Orissa - Other",,,,,
"[1730] =","Jalgaon Jamod","Madhya Pradesh - Other",,,,,
"[993] =","Jalna","Maharashtra - Other",,,,,
"[788] =","Jalpaiguri","West Bengal - Other",,,,,
"[10234] =","Jam-Khambhalia","Gujarat - Other",,,,,
"[1731] =","Jamakhandi","Karnataka - Other",,,,,
"[1732] =","Jamalpur","Punjab - Other",,,,,
"[1733] =","Jambusar","Gujarat - Other",,,,,
"[1734] =","Jami","Gujarat - Other",,,,,
"[1735] =","Jamkhed","Maharashtra - Other",,,,,
"[1736] =","Jammalamadugu","Andhra Pradesh - Other",,,,,
"[1737] =","Jammikunta","Andhra Pradesh - Other",,,,,
"[1738] =","Jamner","Maharashtra - Other",,,,,
"[1739] =","Jamtara","Jharkhand - Other",,,,,
"[1740] =","Jamugurihat","Assam - Other",,,,,
"[1741] =","Jamui","Bihar - Other",,,,,
"[1742] =","Jandaha","Bihar - Other",,,,,
"[1743] =","Jangaon","Andhra Pradesh - Other",,,,,
"[1744] =","Jangareddigudem","Andhra Pradesh - Other",,,,,
"[1745] =","Janjgir","Chhattisgarh - Other",,,,,
"[1746] =","Jarud","Maharashtra - Other",,,,,
"[1747] =","Jashpur","Chhattisgarh - Other",,,,,
"[1748] =","Jashpurnagar","Chhattisgarh - Other",,,,,
"[1749] =","Jasidih","Jharkhand - Other",,,,,
"[1750] =","Jaspurnagar","Chhattisgarh - Other",,,,,
"[1751] =","Jaswantgarh","Rajasthan - Other",,,,,
"[1752] =","Jath","Maharashtra - Other",,,,,
"[1753] =","Javagal","Karnataka - Other",,,,,
"[1754] =","Javargi","Karnataka - Other",,,,,
"[791] =","Jayanagar","Karnataka - Other",,,,,
"[1755] =","Jaynagar","Bihar - Other",,,,,
"[994] =","Jaysingpur","Maharashtra - Other",,,,,
"[1756] =","Jehanabad","Bihar - Other",,,,,
"[1757] =","Jejuri","Maharashtra - Other",,,,,
"[1758] =","Jhabua","Madhya Pradesh - Other",,,,,
"[1759] =","Jhajha","Bihar - Other",,,,,
"[1760] =","Jhajjar","Haryana - Other",,,,,
"[1761] =","Jhalawar","Rajasthan - Other",,,,,
"[1762] =","Jhanjharpur","Bihar - Other",,,,,
"[1763] =","Jhanji","Assam - Other",,,,,
"[883] =","Jhansi","Uttar Pradesh - Other",,,,,
"[1764] =","Jharia","Jharkhand - Other",,,,,
"[1765] =","Jharsuguda","Orissa - Other",,,,,
"[1766] =","Jhum","All over India",,,,,
"[1767] =","Jhumritelaiya","Jharkhand - Other",,,,,
"[1768] =","Jhunjhunu","Rajasthan - Other",,,,,
"[995] =","Jind","Haryana - Other",,,,,
"[1769] =","Jobner","Rajasthan - Other",,,,,
"[1770] =","Jogipet","Andhra Pradesh - Other",,,,,
"[1771] =","Jonai","Assam - Other",,,,,
"[730] =","Jorhat","Assam - Other",,,,,
"[1772] =","Joshimath","Uttarakhand - Other",,,,,
"[1773] =","Jowai","Meghalaya - Other",,,,,
"[1774] =","Jp Nagar","Karnataka - Other",,,,,
"[1775] =","Jullor","Andhra Pradesh - Other",,,,,
"[1776] =","Junagadh","Gujarat - Other",,,,,
"[1777] =","Junagarh","Orissa - Other",,,,,
"[1778] =","Junnar","Maharashtra - Other",,,,,
"[1779] =","Juria","Uttar Pradesh - Other",,,,,
"[1780] =","Kachchh","Gujarat - Other",,,,,
"[1781] =","Kachla","Uttar Pradesh - Other",,,,,
"[829] =","Kada","Maharashtra - Other",,,,,
"[1782] =","Kadepur","Maharashtra - Other",,,,,
"[761] =","Kadi","Gujarat - Other",,,,,
"[1783] =","Kadur","Karnataka - Other",,,,,
"[1784] =","Kagal","Maharashtra - Other",,,,,
"[1785] =","Kagawad","Karnataka - Other",,,,,
"[1786] =","Kailakandi","Assam - Other",,,,,
"[1787] =","Kailashahar","Tripura - Other",,,,,
"[1788] =","Kakching","Manipur - Other",,,,,
"[1789] =","Kakhaoti","All over India",,,,,
"[119] =","Kakinada","Andhra Pradesh - Other",,,,,
"[1790] =","Kaladera","Rajasthan - Other",,,,,
"[1791] =","Kalag","Assam - Other",,,,,
"[1792] =","Kalaghatagi","Karnataka - Other",,,,,
"[1793] =","Kalahandi","Orissa - Other",,,,,
"[1794] =","Kalamb","Maharashtra - Other",,,,,
"[1795] =","Kalanaur","Haryana - Other",,,,,
"[1796] =","Kalavai","Tamil Nadu - Other",,,,,
"[882] =","Kalavakkam","Tamil Nadu - Other",,,,,
"[1797] =","Kalayarkoil","Tamil Nadu - Other",,,,,
"[1798] =","Kaler","Punjab - Other",,,,,
"[1799] =","Kalgachia","Assam - Other",,,,,
"[1800] =","Kalka","Haryana - Other",,,,,
"[1801] =","Kallakurichi","Tamil Nadu - Other",,,,,
"[1802] =","Kallianpur","Karnataka - Other",,,,,
"[1803] =","Kalloli","Karnataka - Other",,,,,
"[1804] =","Kalmeshwar","Maharashtra - Other",,,,,
"[1805] =","Kalol","Gujarat - Other",,,,,
"[1806] =","Kalvakurthy","Andhra Pradesh - Other",,,,,
"[1807] =","Kalwan","Maharashtra - Other",,,,,
"[10165] =","Kalyani","West Bengal - Other",,,,,
"[1808] =","Kamalapur","Karnataka - Other",,,,,
"[1809] =","Kamalpur","Tripura - Other",,,,,
"[872] =","Kamarajar","Tamil Nadu - Other",,,,,
"[1810] =","Kamareddy","Andhra Pradesh - Other",,,,,
"[1811] =","Kamargaon","Maharashtra - Other",,,,,
"[1812] =","Kamki","Arunachal Pradesh - Other",,,,,
"[1813] =","Kampli","Karnataka - Other",,,,,
"[1814] =","Kamptee","Maharashtra - Other",,,,,
"[1815] =","Kamrup","Assam - Other",,,,,
"[1816] =","Kamrup Pandu","Assam - Other",,,,,
"[1817] =","Kanadewadi","Maharashtra - Other",,,,,
"[1818] =","Kanakapura","Karnataka - Other",,,,,
"[853] =","Kanchan","Maharashtra - Other",,,,,
"[1819] =","Kancharapalem","Andhra Pradesh - Other",,,,,
"[877] =","Kancheepuram","Tamil Nadu - Other",,,,,
"[120] =","Kandla","Punjab - Other",,,,,
"[772] =","Kangra","Himachal Pradesh - Other",,,,,
"[743] =","Kankarbag","Bihar - Other",,,,,
"[782] =","Kanke Ranchi","Jharkhand - Other",,,,,
"[1821] =","Kanker","Chhattisgarh - Other",,,,,
"[1822] =","Kanket","Jharkhand - Other",,,,,
"[1823] =","Kankhal","Uttarakhand - Other",,,,,
"[1824] =","Kannauj","Uttar Pradesh - Other",,,,,
"[121] =","Kannur","Kerala - Other",,,,,
"[1825] =","Kanpur Dehat","Uttar Pradesh - Other",,,,,
"[10217] =","kanpur(up)","Uttar Pradesh - Other",,,,,
"[1826] =","Kanumolu","Andhra Pradesh - Other",,,,,
"[1828] =","Kaparde","All over India",,,,,
"[1829] =","Kapari","Maharashtra - Other",,,,,
"[1830] =","Kaparkheda","Maharashtra - Other",,,,,
"[1831] =","Kapashi","Maharashtra - Other",,,,,
"[996] =","Kapurthala","Punjab - Other",,,,,
"[997] =","Karad","Maharashtra - Other",,,,,
"[1832] =","Karaikal","All over India",,,,,
"[868] =","Karaikudi","Tamil Nadu - Other",,,,,
"[764] =","Karamsad","Gujarat - Other",,,,,
"[1833] =","Karanga Ghadge","Maharashtra - Other",,,,,
"[1834] =","Karanja","Maharashtra - Other",,,,,
"[1835] =","Karanja Lad","Maharashtra - Other",,,,,
"[1836] =","Karanprayag","Uttarakhand - Other",,,,,
"[1837] =","Karattampatti","Tamil Nadu - Other",,,,,
"[1838] =","Karauli","Rajasthan - Other",,,,,
"[1839] =","Karbi Anglong","Assam - Other",,,,,
"[1840] =","Kardwip","West Bengal - Other",,,,,
"[1841] =","Kargil","Jammu & Kashmir - Other",,,,,
"[1842] =","Kariapatti","Tamil Nadu - Other",,,,,
"[1843] =","Karimganj","Assam - Other",,,,,
"[813] =","Karkala","Karnataka - Other",,,,,
"[1844] =","Karmala","Maharashtra - Other",,,,,
"[123] =","Karnal","Haryana - Other",,,,,
"[1845] =","Karnool","Andhra Pradesh - Other",,,,,
"[1846] =","Karumathur","Tamil Nadu - Other",,,,,
"[1847] =","Karvetinatar","Andhra Pradesh - Other",,,,,
"[801] =","Karwar","Karnataka - Other",,,,,
"[10182] =","Karwi","Uttar Pradesh - Other",,,,,
"[785] =","Kasaragod","Kerala - Other",,,,,
"[1848] =","Kasargod","Kerala - Other",,,,,
"[1849] =","Kasauli","Himachal Pradesh - Other",,,,,
"[1850] =","Kasba","West Bengal - Other",,,,,
"[1851] =","Kasdol","Chhattisgarh - Other",,,,,
"[1852] =","Kasegaon","Maharashtra - Other",,,,,
"[1853] =","Kasganj","Uttar Pradesh - Other",,,,,
"[1854] =","Kashipur","Uttarakhand - Other",,,,,
"[1855] =","Kasibugga","Andhra Pradesh - Other",,,,,
"[1856] =","Kathua","Jammu & Kashmir - Other",,,,,
"[1857] =","Katihar","Bihar - Other",,,,,
"[1858] =","Katni","Madhya Pradesh - Other",,,,,
"[842] =","Katol","Maharashtra - Other",,,,,
"[1859] =","Kattabboman","Tamil Nadu - Other",,,,,
"[1000] =","Kaul","Haryana - Other",,,,,
"[1860] =","Kaup","Karnataka - Other",,,,,
"[726] =","Kavali","Andhra Pradesh - Other",,,,,
"[1861] =","Kavaraipettai","Tamil Nadu - Other",,,,,
"[1862] =","Kawardha","Chhattisgarh - Other",,,,,
"[871] =","Keeranur","Tamil Nadu - Other",,,,,
"[1863] =","Kekri","Rajasthan - Other",,,,,
"[1864] =","Kelapur","Maharashtra - Other",,,,,
"[1865] =","Kendrapara","Orissa - Other",,,,,
"[1866] =","Kengal","Karnataka - Other",,,,,
"[1867] =","Keragodu","Karnataka - Other",,,,,
"[1868] =","Keroor","Andhra Pradesh - Other",,,,,
"[792] =","Kgf","Karnataka - Other",,,,,
"[1869] =","Khadkee","Maharashtra - Other",,,,,
"[1870] =","Khagaria","Bihar - Other",,,,,
"[1871] =","Khagariya","Bihar - Other",,,,,
"[1872] =","Khagaul","Bihar - Other",,,,,
"[753] =","Khairagarh","Chhattisgarh - Other",,,,,
"[1873] =","Khairgaon","Maharashtra - Other",,,,,
"[1874] =","Khalilabad","Uttar Pradesh - Other",,,,,
"[1875] =","Khamgaon","Maharashtra - Other",,,,,
"[1876] =","Khanapara Campus","Assam - Other",,,,,
"[1877] =","Khanapur","Karnataka - Other",,,,,
"[233] =","Khandala","Maharashtra - Other",,,,,
"[1001] =","Khandola","Maharashtra - Other",,,,,
"[1878] =","Khandwa","Madhya Pradesh - Other",,,,,
"[1879] =","Kharod","Gujarat - Other",,,,,
"[1880] =","Kharsia","Chhattisgarh - Other",,,,,
"[1881] =","Khatav","Maharashtra - Other",,,,,
"[1882] =","Khatri","Maharashtra - Other",,,,,
"[1883] =","Khawdungsei","Mizoram - Other",,,,,
"[1884] =","Khawzal","All over India",,,,,
"[1885] =","Kheda","Gujarat - Other",,,,,
"[1886] =","Khedbrahma","Gujarat - Other",,,,,
"[1887] =","Khekra","Uttar Pradesh - Other",,,,,
"[1888] =","Kherajkhat","Assam - Other",,,,,
"[1889] =","Kheralu","Gujarat - Other",,,,,
"[1890] =","Khergam","Gujarat - Other",,,,,
"[1891] =","Kheri","Uttar Pradesh - Other",,,,,
"[1892] =","Khetri","Rajasthan - Other",,,,,
"[1893] =","Khinchan","Rajasthan - Other",,,,,
"[1894] =","Khiroda","Maharashtra - Other",,,,,
"[1895] =","Kholwad","Gujarat - Other",,,,,
"[1896] =","Khonsa","Arunachal Pradesh - Other",,,,,
"[1897] =","Khowai","Tripura - Other",,,,,
"[1898] =","Khowang","Assam - Other",,,,,
"[1899] =","Khultabad","Maharashtra - Other",,,,,
"[1900] =","Khurai Chairenthong","Manipur - Other",,,,,
"[1901] =","Khurja","Uttar Pradesh - Other",,,,,
"[1902] =","Kigwema","Meghalaya - Other",,,,,
"[874] =","Kilakarai","Tamil Nadu - Other",,,,,
"[1903] =","Kilanaikkarai","Tamil Nadu - Other",,,,,
"[1904] =","Killapardi","Gujarat - Other",,,,,
"[1905] =","Killkulam","Tamil Nadu - Other",,,,,
"[1906] =","Kiphire","Nagaland - Other",,,,,
"[1907] =","Kippal","All over India",,,,,
"[1908] =","Kirandul","Chhattisgarh - Other",,,,,
"[1909] =","Kirugavalu","Karnataka - Other",,,,,
"[1910] =","Kishangarh","Rajasthan - Other",,,,,
"[1911] =","Kishtwar","Jammu & Kashmir - Other",,,,,
"[1912] =","Kittur","Karnataka - Other",,,,,
"[1913] =","Kiyamgei","Manipur - Other",,,,,
"[1914] =","Kochiandi","Orissa - Other",,,,,
"[1915] =","Kodad","Andhra Pradesh - Other",,,,,
"[1916] =","Kodigenahalli","Karnataka - Other",,,,,
"[1917] =","Kodoli","Maharashtra - Other",,,,,
"[1919] =","Kokrajhar","Assam - Other",,,,,
"[1920] =","Kolagal","Karnataka - Other",,,,,
"[1921] =","Kolanka","Andhra Pradesh - Other",,,,,
"[128] =","Kolar","Karnataka - Other",,,,,
"[1922] =","Kolasib","Mizoram - Other",,,,,
"[1923] =","Kollegal","Karnataka - Other",,,,,
"[878] =","Komarapalayam","Karnataka - Other",,,,,
"[1924] =","Komlathabi","Manipur - Other",,,,,
"[1925] =","Konanur","Karnataka - Other",,,,,
"[1926] =","Kondagaon","Chhattisgarh - Other",,,,,
"[1927] =","Kondanagula","Andhra Pradesh - Other",,,,,
"[1928] =","Kondhali","Maharashtra - Other",,,,,
"[809] =","Koppa","Karnataka - Other",,,,,
"[1929] =","Koradi","Maharashtra - Other",,,,,
"[1930] =","Koraput","Orissa - Other",,,,,
"[1931] =","Koratagere","Karnataka - Other",,,,,
"[1932] =","Koratla","Andhra Pradesh - Other",,,,,
"[1933] =","Korba","Chhattisgarh - Other",,,,,
"[1934] =","Korpana","Maharashtra - Other",,,,,
"[1935] =","Korukonda","Andhra Pradesh - Other",,,,,
"[1936] =","Kotdwar","Uttarakhand - Other","Uttarakhand - Other",,,,
"[1002] =","Kothagudem","Andhra Pradesh - Other",,,,,
"[1937] =","Kothapeta","Andhra Pradesh - Other",,,,,
"[1938] =","Kotkhal","Himachal Pradesh - Other",,,,,
"[1939] =","Kotputli","Rajasthan - Other",,,,,
"[1940] =","Kottur","Andhra Pradesh - Other",,,,,
"[1941] =","Kotturu","Karnataka - Other",,,,,
"[1942] =","Kovilpatty","Tamil Nadu - Other",,,,,
"[1943] =","Kovvur","Andhra Pradesh - Other",,,,,
"[134] =","Kozikode","Kerala - Other",,,,,
"[1944] =","Krhanagal","All over India",,,,,
"[1945] =","Krimnagar","Andhra Pradesh - Other",,,,,
"[1946] =","Krishnagiri","Tamil Nadu - Other",,,,,
"[1947] =","Krishnarajapuram","Karnataka - Other",,,,,
"[1948] =","Krushinagar","Uttar Pradesh - Other","Uttar Pradesh - Other",,,,
"[1949] =","Kudachi","Karnataka - Other",,,,,
"[1950] =","Kudligi","Karnataka - Other",,,,,
"[1951] =","Kudur","Karnataka - Other",,,,,
"[1952] =","Kuhi","Maharashtra - Other",,,,,
"[1953] =","Kulhati","Assam - Other",,,,,
"[135] =","Kulu/manali","Himachal Pradesh - Other",,,,,
"[1954] =","Kumarakoil","Tamil Nadu - Other",,,,,
"[1003] =","Kumbakonam","Tamil Nadu - Other",,,,,
"[1955] =","Kumbharia","Gujarat - Other",,,,,
"[798] =","Kumta","Karnataka - Other",,,,,
"[1956] =","Kumulur","Tamil Nadu - Other",,,,,
"[1957] =","Kundagol","Karnataka - Other","Karnataka - Other",,,,
"[811] =","Kundapur","Karnataka - Other",,,,,
"[1958] =","Kundhit","Jharkhand - Other",,,,,
"[1959] =","Kunigal","Karnataka - Other",,,,,
"[1960] =","Kunjwani","Jammu & Kashmir - Other",,,,,
"[725] =","Kuppam","Andhra Pradesh - Other",,,,,
"[1961] =","Kupwara","Jammu & Kashmir - Other",,,,,
"[1962] =","Kurduwadi","Maharashtra - Other",,,,,
"[1963] =","Kurinchipadi","Tamil Nadu - Other",,,,,
"[1964] =","Kurtha","Bihar - Other",,,,,
"[1965] =","Kurud","Chhattisgarh - Other",,,,,
"[1966] =","Kurukheda","Andhra Pradesh - Other",,,,,
"[1967] =","Kushalnagar","Karnataka - Other",,,,,
"[1968] =","Kushinagar","Uttar Pradesh - Other",,,,,
"[794] =","Kushtagi","Karnataka - Other",,,,,
"[1969] =","Kusumbha","Maharashtra - Other",,,,,
"[1970] =","Kusumi","Orissa - Other",,,,,
"[1971] =","Kuvempunagar","Karnataka - Other",,,,,
"[1068] =","Ladnun","Rajasthan - Other",,,,,
"[1973] =","Lahalkaranji","All over India",,,,,
"[1974] =","Laheriasarai","Bihar - Other",,,,,
"[1975] =","Lakhandur","Maharashtra - Other",,,,,
"[1004] =","Lakhani","All over India",,,,,
"[1976] =","Lakhimpur","Uttar Pradesh - Other",,,,,
"[1977] =","Lakhipur","Assam - Other",,,,,
"[1978] =","Lakhisarai","Bihar - Other",,,,,
"[1979] =","Lakkireddipalli","Andhra Pradesh - Other",,,,,
"[1981] =","Lakshmangarh","Rajasthan - Other","Rajasthan - Other",,,,
"[1982] =","Lal Bahadurnagar","Andhra Pradesh - Other",,,,,
"[1983] =","Lalgaon","Madhya Pradesh - Other",,,,,
"[1984] =","Lalitpur","Uttar Pradesh - Other",,,,,
"[1985] =","Lasalgaon","Maharashtra - Other",,,,,
"[1986] =","Lawngtlai","Mizoram - Other",,,,,
"[1987] =","Laxman Chanda","Andhra Pradesh - Other",,,,,
"[1988] =","Laxmeshwar","Karnataka - Other",,,,,
"[10221] =","Lehragaga","Punjab - Other",,,,,
"[1990] =","Lilong","Manipur - Other",,,,,
"[1991] =","Llkal","Karnataka - Other","Karnataka - Other",,,,
"[1992] =","Lodra","Gujarat - Other",,,,,
"[1993] =","Lohardaga","Jharkhand - Other",,,,,
"[1994] =","Loharu","Haryana - Other",,,,,
"[1995] =","Lohinagar","Uttar Pradesh - Other","Uttar Pradesh - Other",,,,
"[1996] =","Lohit","Arunachal Pradesh - Other",,,,,
"[836] =","Lonand","Maharashtra - Other",,,,,
"[1997] =","Lonar","Maharashtra - Other",,,,,
"[1998] =","Lonavala","Maharashtra - Other",,,,,
"[10246] =","Lonere","Maharashtra - Other",,,,,
"[1999] =","Longling","All over India",,,,,
"[805] =","Loni","Maharashtra - Other",,,,,
"[2000] =","Lormi","Chhattisgarh - Other",,,,,
"[2001] =","Lumding","Assam - Other",,,,,
"[2002] =","Lunglei","Mizoram - Other",,,,,
"[2003] =","Luwangsangbam","Manipur - Other",,,,,
"[2004] =","Machhra","Uttar Pradesh - Other",,,,,
"[2005] =","Machilipatnam","Andhra Pradesh - Other",,,,,
"[2006] =","Madanapalli","Andhra Pradesh - Other",,,,,
"[2007] =","Madanthya","Karnataka - Other",,,,,
"[2008] =","Madasa","Andhra Pradesh - Other",,,,,
"[2009] =","Maddur","Karnataka - Other",,,,,
"[834] =","Madha","Maharashtra - Other",,,,,
"[2010] =","Madhapur","Andhra Pradesh - Other",,,,,
"[2011] =","Madhavnagar","Maharashtra - Other",,,,,
"[739] =","Madhepura","Bihar - Other",,,,,
"[2012] =","Madhipura","Bihar - Other","Bihar - Other",,,,
"[2013] =","Madhira","Andhra Pradesh - Other",,,,,
"[2014] =","Madhubani","Bihar - Other",,,,,
"[2015] =","Madhugiri","Karnataka - Other",,,,,
"[2016] =","Madhupur","Jharkhand - Other",,,,,
"[2017] =","Madikeri","Karnataka - Other",,,,,
"[1005] =","Madras","Tamil Nadu - Other",,,,,
"[2018] =","Madresa","Tamil Nadu - Other","Tamil Nadu - Other",,,,
"[2019] =","Maduravoyal","Tamil Nadu - Other",,,,,
"[2020] =","Magadi","Karnataka - Other",,,,,
"[720] =","Mahaboobnagar","Andhra Pradesh - Other","Andhra Pradesh - Other",,,,
"[2021] =","Mahabubabad","Andhra Pradesh - Other",,,,,
"[2022] =","Mahalingapur","Karnataka - Other","Karnataka - Other",,,,
"[2023] =","Mahamayahat","Assam - Other",,,,,
"[2024] =","Maharail","Bihar - Other",,,,,
"[2025] =","Maharajganj","Uttar Pradesh - Other",,,,,
"[2026] =","Maharajpur","Madhya Pradesh - Other",,,,,
"[2027] =","Mahasamund","Chhattisgarh - Other",,,,,
"[2028] =","Mahboobnagar","Andhra Pradesh - Other","Andhra Pradesh - Other",,,,
"[2029] =","Mahe","Kerala - Other",,,,,
"[2030] =","Mahendraganj","Meghalaya - Other",,,,,
"[746] =","Mahendru","Bihar - Other",,,,,
"[2031] =","Maheshpur Raj","Jharkhand - Other",,,,,
"[2032] =","Mahoba","Uttar Pradesh - Other",,,,,
"[2033] =","Mahtoli","Assam - Other",,,,,
"[2034] =","Mahuda","Jharkhand - Other",,,,,
"[2035] =","Mahuva","Gujarat - Other",,,,,
"[2036] =","Maibang","Assam - Other",,,,,
"[2037] =","Maihar","Madhya Pradesh - Other",,,,,
"[2038] =","Mailam","Tamil Nadu - Other",,,,,
"[2039] =","Mainpuri","Uttar Pradesh - Other",,,,,
"[2040] =","Mairang","Meghalaya - Other",,,,,
"[2041] =","Majholia","Bihar - Other",,,,,
"[2042] =","Majuli","Assam - Other",,,,,
"[2043] =","Maksi","Madhya Pradesh - Other",,,,,
"[2044] =","Makthal","Andhra Pradesh - Other",,,,,
"[2045] =","Malakalmuru","Karnataka - Other","Karnataka - Other",,,,
"[2046] =","Malappuram","Kerala - Other",,,,,
"[2047] =","Malavalli","Karnataka - Other",,,,,
"[2048] =","Malda","West Bengal - Other",,,,,
"[2049] =","Malegaon","Maharashtra - Other",,,,,
"[2050] =","Malikipuram","Andhra Pradesh - Other",,,,,
"[2051] =","Malkangiri","Chhattisgarh - Other",,,,,
"[2052] =","Malkapur","Maharashtra - Other",,,,,
"[2053] =","Malkharouda","Chhattisgarh - Other",,,,,
"[10159] =","Malleshwaram","Karnataka - Other",,,,,
"[2054] =","Malur","Karnataka - Other",,,,,
"[820] =","Mamit","Mizoram - Other",,,,,
"[2055] =","Manandragarh","Chhattisgarh - Other","Chhattisgarh - Other",,,,
"[2056] =","Manapparai","Tamil Nadu - Other",,,,,
"[2057] =","Mancherial","Andhra Pradesh - Other",,,,,
"[2058] =","Mandapeta","Andhra Pradesh - Other",,,,,
"[2059] =","Mandhal","Maharashtra - Other",,,,,
"[2060] =","Mandideep","Madhya Pradesh - Other",,,,,
"[2061] =","Mandiphia","Rajasthan - Other",,,,,
"[2062] =","Mandla","Madhya Pradesh - Other",,,,,
"[2063] =","Mandleshwar","Gujarat - Other",,,,,
"[2064] =","Mandor","Rajasthan - Other",,,,,
"[756] =","Mandsaur","Madhya Pradesh - Other",,,,,
"[2065] =","Mandvi","Gujarat - Other",,,,,
"[1006] =","Mandya","Karnataka - Other",,,,,
"[2066] =","Mangalawada","Karnataka - Other",,,,,
"[2067] =","Mangaldoi","Assam - Other",,,,,
"[2068] =","Mangalwedha","Maharashtra - Other",,,,,
"[2069] =","Mangrulpir","Maharashtra - Other",,,,,
"[2070] =","Manikwar","Madhya Pradesh - Other",,,,,
"[2071] =","Maniram","Sikkim - Other",,,,,
"[2072] =","Manjhoul","Bihar - Other",,,,,
"[2073] =","Mankachar","Assam - Other",,,,,
"[1007] =","Mannargudi","Tamil Nadu - Other",,,,,
"[2074] =","Manpur","Madhya Pradesh - Other",,,,,
"[2075] =","Mansa","Madhya Pradesh - Other",,,,,
"[2076] =","Manthani","Andhra Pradesh - Other",,,,,
"[2077] =","Manvi","Karnataka - Other",,,,,
"[2079] =","Maregaon","Maharashtra - Other",,,,,
"[2081] =","Marigaon","Assam - Other",,,,,
"[2082] =","Marioni","All over India",,,,,
"[2083] =","Martandam","Tamil Nadu - Other",,,,,
"[2084] =","Masturi","Chhattisgarh - Other",,,,,
"[897] =","Mau","Uttar Pradesh - Other",,,,,
"[2085] =","Mauda","Orissa - Other",,,,,
"[2086] =","Mawana","Uttar Pradesh - Other",,,,,
"[2087] =","Mawkyrwat","Meghalaya - Other",,,,,
"[2088] =","Mawsynram","Meghalaya - Other",,,,,
"[2089] =","Mayakonda","Karnataka - Other",,,,,
"[2090] =","Mayani","Gujarat - Other",,,,,
"[867] =","Mayiladuthurai","Tamil Nadu - Other",,,,,
"[2091] =","Mayurbhanj","Orissa - Other",,,,,
"[2092] =","Mdhol","All over India",,,,,
"[2093] =","Medahalli","Karnataka - Other",,,,,
"[1008] =","Medak","Andhra Pradesh - Other",,,,,
"[1009] =","Medha","Maharashtra - Other",,,,,
"[2094] =","Medhepur","All over India",,,,,
"[2095] =","Meghraj","Gujarat - Other",,,,,
"[2096] =","Mehakar","Maharashtra - Other","Maharashtra - Other",,,,
"[10181] =","Mehboobnagar","Andhra Pradesh - Other","Andhra Pradesh - Other",,,,
"[1010] =","Mehsana","Gujarat - Other",,,,,
"[2097] =","Meignanapuram","Tamil Nadu - Other",,,,,
"[2098] =","Melaiyur","Tamil Nadu - Other",,,,,
"[2099] =","Melaneelithanallur","Tamil Nadu - Other",,,,,
"[2100] =","Melmaruvattur","Tamil Nadu - Other",,,,,
"[2101] =","Melvisharam","Tamil Nadu - Other",,,,,
"[2102] =","Memallupuram","Tamil Nadu - Other","Tamil Nadu - Other",,,,
"[2103] =","Mendipathar","Meghalaya - Other",,,,,
"[2104] =","Mettupalayam","Tamil Nadu - Other",,,,,
"[2105] =","Mhow","Madhya Pradesh - Other",,,,,
"[907] =","Midnapur","West Bengal - Other",,,,,
"[2106] =","Mihijam","Jharkhand - Other",,,,,
"[837] =","Miraj","Maharashtra - Other",,,,,
"[2107] =","Miramar","Goa - Other",,,,,
"[2108] =","Miran Sahib","Jammu & Kashmir - Other",,,,,
"[2109] =","Mirwa","Punjab - Other",,,,,
"[10220] =","miryalaguda","Andhra Pradesh - Other",,,,,
"[1012] =","Miryalguda","Andhra Pradesh - Other",,,,,
"[733] =","Mirza","Assam - Other",,,,,
"[2110] =","Mirzaganj","Jharkhand - Other",,,,,
"[2111] =","Mirzapur","Uttar Pradesh - Other",,,,,
"[1013] =","Mizoram - Other","Mizoram - Other",,,,,
"[1014] =","Modasa","Gujarat - Other",,,,,
"[2112] =","Modi Nagar","Rajasthan - Other",,,,,
"[2114] =","Mogalturu","Andhra Pradesh - Other",,,,,
"[2115] =","Mohadi","Maharashtra - Other",,,,,
"[149] =","Mohali","Punjab - Other",,,,,
"[2116] =","Mohanpur","Tripura - Other",,,,,
"[2117] =","Mohapa","Maharashtra - Other",,,,,
"[2118] =","Mohindergarh","Haryana - Other",,,,,
"[2119] =","Mohma","All over India",,,,,
"[10180] =","Moinabad","Andhra Pradesh - Other",,,,,
"[2120] =","Moirang","Manipur - Other",,,,,
"[2121] =","Mokamah","Bihar - Other",,,,,
"[2122] =","Mokokchung","Nagaland - Other",,,,,
"[1015] =","Mon","Nagaland - Other",,,,,
"[2123] =","Moodabidri","Karnataka - Other",,,,,
"[1016] =","Moran","Assam - Other",,,,,
"[2124] =","Morane","Assam - Other","Assam - Other",,,,
"[2125] =","Morar","Madhya Pradesh - Other",,,,,
"[2126] =","Morena","Madhya Pradesh - Other",,,,,
"[2127] =","Morigaon","Bihar - Other",,,,,
"[2128] =","Morshi","Madhya Pradesh - Other",,,,,
"[2130] =","Mota Pondha","Gujarat - Other",,,,,
"[2129] =","Motala","Maharashtra - Other",,,,,
"[2131] =","Motbung","Manipur - Other",,,,,
"[2132] =","Motihari","Bihar - Other",,,,,
"[2133] =","Motipur","Bihar - Other",,,,,
"[2134] =","Motipura","Rajasthan - Other",,,,,
"[2135] =","Mowad","Maharashtra - Other",,,,,
"[2136] =","Mozari","Maharashtra - Other",,,,,
"[2137] =","Mudalagi","Karnataka - Other",,,,,
"[2138] =","Muddebihal","Karnataka - Other",,,,,
"[2139] =","Mudigere","Karnataka - Other",,,,,
"[2140] =","Mudukulathur","Tamil Nadu - Other",,,,,
"[2141] =","Mukalmua","Assam - Other",,,,,
"[2142] =","Mukhed","Maharashtra - Other",,,,,
"[2143] =","Muktainagar","Maharashtra - Other",,,,,
"[2145] =","Mukundgarh","Rajasthan - Other",,,,,
"[845] =","Mul","Maharashtra - Other",,,,,
"[2146] =","Mulabaghalu","Karnataka - Other",,,,,
"[2147] =","Mulagund","Karnataka - Other",,,,,
"[2148] =","Mulchera","Maharashtra - Other",,,,,
"[2149] =","Mulki","Karnataka - Other",,,,,
"[2150] =","Mummidivaram","Andhra Pradesh - Other",,,,,
"[2151] =","Munavalli","All over India",,,,,
"[2152] =","Mundagod","Orissa - Other",,,,,
"[2153] =","Mundargi","Karnataka - Other",,,,,
"[2154] =","Munganda","Andhra Pradesh - Other",,,,,
"[2155] =","Mungeli","Chhattisgarh - Other",,,,,
"[2156] =","Munger","Bihar - Other",,,,,
"[2157] =","Munghyer","All over India",,,,,
"[2158] =","Muragod","Karnataka - Other",,,,,
"[2159] =","Murliganj","Bihar - Other",,,,,
"[2160] =","Murtizapur","Maharashtra - Other",,,,,
"[2161] =","Murum","Maharashtra - Other",,,,,
"[2162] =","Musiri","Tamil Nadu - Other",,,,,
"[902] =","Mussoorie","Uttarakhand - Other",,,,,
"[10232] =","Muzaffar Nagar","Andhra Pradesh - Other",,,,,
"[886] =","Muzaffarnagar","Uttar Pradesh - Other",,,,,
"[2163] =","Nabinagar","Bihar - Other",,,,,
"[768] =","Nadia","West Bengal - Other",,,,,
"[2164] =","Nadiad","Gujarat - Other",,,,,
"[2165] =","Nagamangala","Karnataka - Other",,,,,
"[1017] =","Nagaon","Assam - Other",,,,,
"[1018] =","Nagapattinam","Tamil Nadu - Other",,,,,
"[709] =","Nagaram","Andhra Pradesh - Other",,,,,
"[2166] =","Nagarbera","Assam - Other",,,,,
"[2167] =","Nagari","Andhra Pradesh - Other",,,,,
"[2168] =","Nagarjunasagar","Andhra Pradesh - Other",,,,,
"[2169] =","Nagarkurnool","Andhra Pradesh - Other",,,,,
"[2170] =","Nagaud","Rajasthan - Other",,,,,
"[2171] =","Nagaur","Rajasthan - Other",,,,,
"[2172] =","Nagbhid","Maharashtra - Other",,,,,
"[2173] =","Nagda","Madhya Pradesh - Other",,,,,
"[2174] =","Naharakatiya","Assam - Other",,,,,
"[2175] =","Naidupet","Andhra Pradesh - Other",,,,,
"[2176] =","Naigaon","Maharashtra - Other",,,,,
"[2177] =","Naigarhi","Madhya Pradesh - Other",,,,,
"[2178] =","Naikin","All over India",,,,,
"[898] =","Naini","Uttar Pradesh - Other",,,,,
"[2180] =","Nakrekal","Andhra Pradesh - Other",,,,,
"[780] =","Nala","Jharkhand - Other",,,,,
"[2181] =","Nalattinputhur","Tamil Nadu - Other",,,,,
"[2182] =","Nalatwad","Karnataka - Other",,,,,
"[2183] =","Nalbari","Assam - Other",,,,,
"[1020] =","Nalgonda","Andhra Pradesh - Other",,,,,
"[876] =","Namakkal","Tamil Nadu - Other",,,,,
"[2184] =","Namchi","Sikkim - Other",,,,,
"[2185] =","Nampur","Maharashtra - Other",,,,,
"[2186] =","Namrup","Assam - Other",,,,,
"[2187] =","Namti","All over India",,,,,
"[2188] =","Nandagad","Karnataka - Other",,,,,
"[2189] =","Nandgaon","Maharashtra - Other",,,,,
"[2190] =","Nandini Nagar","All over India",,,,,
"[2191] =","Nandurbar","Maharashtra - Other",,,,,
"[2192] =","Nandyal","Andhra Pradesh - Other",,,,,
"[2193] =","Nanjungud","Karnataka - Other",,,,,
"[2194] =","Nantoor","All over India",,,,,
"[2195] =","Naogaon","Assam - Other",,,,,
"[2196] =","Narasannapeta","Andhra Pradesh - Other",,,,,
"[2197] =","Narasapur","Andhra Pradesh - Other",,,,,
"[2198] =","Narasaraopet","Andhra Pradesh - Other",,,,,
"[2199] =","Narasimharajapura","Karnataka - Other",,,,,
"[2200] =","Narasipatnam","Andhra Pradesh - Other",,,,,
"[2201] =","Narasipur","Karnataka - Other",,,,,
"[2202] =","Naratiaganj","Bihar - Other",,,,,
"[2203] =","Narayanapuram","Karnataka - Other",,,,,
"[2204] =","Narayangaon","Maharashtra - Other",,,,,
"[2205] =","Narayankhed","Andhra Pradesh - Other",,,,,
"[2206] =","Narayanpet","Andhra Pradesh - Other",,,,,
"[2207] =","Narayanpur","Chhattisgarh - Other",,,,,
"[2208] =","Naregal","All over India",,,,,
"[2209] =","Nargund","Karnataka - Other",,,,,
"[2210] =","Narhan","Bihar - Other",,,,,
"[2211] =","Narkhed","Maharashtra - Other",,,,,
"[2212] =","Narnaul","Haryana - Other",,,,,
"[2213] =","Narsampet","Andhra Pradesh - Other",,,,,
"[2214] =","Narsan","All over India",,,,,
"[2215] =","Narsingargarh","Madhya Pradesh - Other",,,,,
"[2216] =","Narsinghpur","Madhya Pradesh - Other",,,,,
"[2217] =","Narsipatnam","Andhra Pradesh - Other",,,,,
"[2218] =","Nasarapur","Maharashtra - Other",,,,,
"[157] =","Nasik","Maharashtra - Other",,,,,
"[2219] =","Nasirabad","Maharashtra - Other",,,,,
"[2220] =","Naubatpur","Bihar - Other",,,,,
"[2221] =","Naugachhia","Bihar - Other",,,,,
"[2222] =","Navalgund","Karnataka - Other",,,,,
"[2223] =","Navalnagar","Maharashtra - Other",,,,,
"[2224] =","Navapur","Maharashtra - Other",,,,,
"[2225] =","Navasari","Gujarat - Other",,,,,
"[2226] =","Navsari","Gujarat - Other",,,,,
"[2227] =","Navsavi","Gujarat - Other",,,,,
"[2228] =","Nawadah","Bihar - Other",,,,,
"[2229] =","Nawagarh","Chhattisgarh - Other",,,,,
"[2230] =","Nawalgarh","Rajasthan - Other",,,,,
"[2231] =","Nawanshahr","Punjab - Other",,,,,
"[2232] =","Nawargaon","Maharashtra - Other",,,,,
"[2233] =","Nayagarh","Orissa - Other",,,,,
"[2234] =","Nayakanahatty","Karnataka - Other",,,,,
"[2235] =","Nazira","Assam - Other",,,,,
"[2236] =","Neemkathana","Rajasthan - Other",,,,,
"[2237] =","Neemuch","Madhya Pradesh - Other",,,,,
"[2238] =","Nehra","Bihar - Other",,,,,
"[2239] =","Nelamangala","Karnataka - Other",,,,,
"[2240] =","Nerparsopant","Maharashtra - Other",,,,,
"[2241] =","Neruducherla","Andhra Pradesh - Other",,,,,
"[2242] =","Nesargi","Karnataka - Other",,,,,
"[2243] =","Nesari","Maharashtra - Other",,,,,
"[2244] =","New Aurangabad","Maharashtra - Other",,,,,
"[2247] =","Neyyoor","Tamil Nadu - Other",,,,,
"[2248] =","Nicobar","Andaman Nicobar Islands - Other",,,,,
"[2249] =","Nidadavole","Andhra Pradesh - Other",,,,,
"[2250] =","Nidagundi","Karnataka - Other",,,,,
"[2251] =","Nidasoshi","Karnataka - Other",,,,,
"[2252] =","Nilgiris","Tamil Nadu - Other",,,,,
"[2253] =","Ningthoukhong","Manipur - Other",,,,,
"[2254] =","Niphad","Maharashtra - Other",,,,,
"[2255] =","Nippani","Karnataka - Other",,,,,
"[1021] =","Nirmal","Andhra Pradesh - Other",,,,,
"[2256] =","Nirmall","All over India",,,,,
"[1022] =","Nitte","Karnataka - Other",,,,,
"[2257] =","Nittur","Karnataka - Other",,,,,
"[2258] =","Nohar","Rajasthan - Other",,,,,
"[2259] =","Nongpoh","Meghalaya - Other",,,,,
"[2260] =","Nongstoin","Meghalaya - Other",,,,,
"[2261] =","Nongtalang","Meghalaya - Other",,,,,
"[2262] =","Nongthymmai","Meghalaya - Other",,,,,
"[2263] =","Nonoi","Assam - Other",,,,,
"[2264] =","Nornji","All over India",,,,,
"[2265] =","North Arcot","Tamil Nadu - Other",,,,,
"[2266] =","North Guwahati","Assam - Other",,,,,
"[2267] =","North Lakhimpur","Assam - Other",,,,,
"[2268] =","North Tripura","Tripura - Other",,,,,
"[2269] =","Nowgon","Assam - Other","Madhya Pradesh",,,,
"[1023] =","Nowgong","Assam - Other",,,,,
"[2270] =","Nowgong Hojai","Assam - Other",,,,,
"[2271] =","Nuh","Haryana - Other",,,,,
"[2272] =","Nymathi","All over India",,,,,
"[2273] =","Oinam","Assam - Other",,,,,
"[2274] =","Oorgam","Karnataka - Other",,,,,
"[2275] =","Opad","All over India",,,,,
"[2276] =","Orai","Uttar Pradesh - Other",,,,,
"[2277] =","Orathanad","Tamil Nadu - Other",,,,,
"[779] =","Osmanabad","Maharashtra - Other",,,,,
"[2278] =","Ozar","Maharashtra - Other",,,,,
"[2279] =","Pachore","Madhya Pradesh - Other",,,,,
"[708] =","Paderu","Andhra Pradesh - Other",,,,,
"[2280] =","Pakhanjur","Chhattisgarh - Other",,,,,
"[2281] =","Pakur","Chhattisgarh - Other",,,,,
"[2282] =","Palace Ground","Karnataka - Other",,,,,
"[164] =","Palakkad","Kerala - Other",,,,,
"[2283] =","Palakol","Andhra Pradesh - Other",,,,,
"[2284] =","Palakonda","Andhra Pradesh - Other",,,,,
"[2285] =","Palamau","Jharkhand - Other",,,,,
"[771] =","Palampur","Himachal Pradesh - Other",,,,,
"[2286] =","Palandur","Maharashtra - Other",,,,,
"[2287] =","Palanpur","Gujarat - Other",,,,,
"[2288] =","Palari","Chhattisgarh - Other",,,,,
"[2289] =","Palasar","All over India",,,,,
"[2290] =","Palayamkottai","Tamil Nadu - Other",,,,,
"[701] =","Palem","Andhra Pradesh - Other",,,,,
"[165] =","Palghat","Kerala - Other",,,,,
"[2291] =","Pali","Rajasthan - Other","Uttar Pradesh",,,,
"[2292] =","Palikhuwa","All over India",,,,,
"[2293] =","Palitana","Gujarat - Other",,,,,
"[2294] =","Pallapatti","Tamil Nadu - Other",,,,,
"[2295] =","Pallathur","Kerala - Other",,,,,
"[2296] =","Palwal","Haryana - Other",,,,,
"[2297] =","Pamlamaner","Andhra Pradesh - Other",,,,,
"[2302] =","Panch Mahals","Uttar Pradesh - Other",,,,,
"[2299] =","Panchanahalli","Karnataka - Other",,,,,
"[2300] =","Panchkula","Haryana - Other",,,,,
"[2301] =","Panchkuma","Haryana - Other",,,,,
"[2303] =","Panchvati","Gujarat - Other",,,,,
"[2304] =","Pandaria","Chhattisgarh - Other",,,,,
"[2305] =","Pandaul","Bihar - Other",,,,,
"[2306] =","Pandavapura","Karnataka - Other",,,,,
"[2307] =","Pandharkawada","Maharashtra - Other",,,,,
"[2308] =","Pandharpur","Maharashtra - Other",,,,,
"[2309] =","Pangei","Manipur - Other",,,,,
"[2310] =","Panisagar","Tripura - Other",,,,,
"[167] =","Panjim","Goa - Other",,,,,
"[2311] =","Panna","Madhya Pradesh - Other",,,,,
"[2312] =","Pantnagar","Uttarakhand - Other",,,,,
"[10230] =","PANVEL","Maharashtra - Other",,,,,
"[2313] =","Papanasam","Tamil Nadu - Other",,,,,
"[2314] =","Paprola","Himachal Pradesh - Other",,,,,
"[168] =","Paradeep","Orissa - Other",,,,,
"[2315] =","Paratwada","Maharashtra - Other",,,,,
"[2316] =","Parbatta","Bihar - Other",,,,,
"[2317] =","Parkal","Andhra Pradesh - Other",,,,,
"[2318] =","Parli Vaijnath","Maharashtra - Other",,,,,
"[2319] =","Parola","Maharashtra - Other",,,,,
"[2320] =","Parsa","Bihar - Other",,,,,
"[2321] =","Parsiwani","All over India",,,,,
"[2322] =","Partapgarh","Punjab - Other",,,,,
"[2323] =","Parvathipuram","Andhra Pradesh - Other",,,,,
"[751] =","Patan","Gujarat - Other","Rajasthan",,,,
"[2324] =","Pathalgaon","Chhattisgarh - Other",,,,,
"[2325] =","Pathalipaher","All over India",,,,,
"[169] =","Pathankot","Punjab - Other",,,,,
"[2327] =","Pathargama","Jharkhand - Other",,,,,
"[2328] =","Pathariya","Chhattisgarh - Other",,,,,
"[170] =","Patiala Punjab - Other","Punjab - Other",,,,,
"[2330] =","Patna City","Bihar - Other",,,,,
"[2331] =","Patna Saheb","Bihar - Other",,,,,
"[2329] =","Patnacity","Bihar - Other",,,,,
"[2332] =","Patoda","Maharashtra - Other",,,,,
"[2333] =","Pattukottai","Tamil Nadu - Other",,,,,
"[2334] =","Patur","Maharashtra - Other",,,,,
"[2335] =","Pauni","Chhattisgarh - Other",,,,,
"[10233] =","pauri","Uttarakhand - Other",,,,,
"[2336] =","Pauri Garhwal","Uttarakhand - Other",,,,,
"[2337] =","Pavagada","Karnataka - Other",,,,,
"[2338] =","Pawapuri","Bihar - Other",,,,,
"[2339] =","Payakaraopeta","Andhra Pradesh - Other",,,,,
"[2340] =","Pedapadu","Andhra Pradesh - Other",,,,,
"[2341] =","Peddapalli","Andhra Pradesh - Other",,,,,
"[2342] =","Peddapuram","Andhra Pradesh - Other",,,,,
"[2343] =","Pendra","Chhattisgarh - Other",,,,,
"[2344] =","Pentapadu","Andhra Pradesh - Other",,,,,
"[2345] =","Penutgonda","Andhra Pradesh - Other",,,,,
"[1075] =","Perambalur","Tamil Nadu - Other",,,,,
"[2346] =","Peravurani","Tamil Nadu - Other",,,,,
"[2347] =","Periyakulam","Tamil Nadu - Other",,,,,
"[1024] =","Periyar","Tamil Nadu - Other",,,,,
"[2348] =","Pernem Goa","Goa - Other",,,,,
"[2349] =","Perundurai","Tamil Nadu - Other",,,,,
"[2350] =","Perungalathur","Tamil Nadu - Other",,,,,
"[2351] =","Peth Vadgaon","Maharashtra - Other",,,,,
"[2352] =","Phaltan","Maharashtra - Other",,,,,
"[2353] =","Phek","Manipur - Other",,,,,
"[2354] =","Phoop","All over India",,,,,
"[2355] =","Phulbani","Orissa - Other",,,,,
"[2356] =","Phusro","Jharkhand - Other",,,,,
"[2357] =","Pidimigoyyi","All over India",,,,,
"[279] =","Pilani","Rajasthan - Other",,,,,
"[2358] =","Piler","Andhra Pradesh - Other",,,,,
"[889] =","Pilibhit","Uttar Pradesh - Other",,,,,
"[2359] =","Pilliyayanmanai","All over India",,,,,
"[2360] =","Pilvai","Gujarat - Other",,,,,
"[2361] =","Pimpalner","Maharashtra - Other",,,,,
"[855] =","Pimpri","Maharashtra - Other",,,,,
"[2362] =","Pinjar","Maharashtra - Other",,,,,
"[2363] =","Pipariya","Chhattisgarh - Other",,,,,
"[2364] =","Piptur","All over India",,,,,
"[2365] =","Pithapuram","Andhra Pradesh - Other",,,,,
"[904] =","Pithoragarh","Uttarakhand - Other",,,,,
"[2366] =","Podagatiapalle","All over India",,,,,
"[2367] =","Polancha","Andhra Pradesh - Other",,,,,
"[1066] =","Pollachi","Tamil Nadu - Other",,,,,
"[2369] =","Ponneri","Tamil Nadu - Other",,,,,
"[2370] =","Poon","All over India",,,,,
"[2371] =","Poonch","Jammu & Kashmir - Other",,,,,
"[2372] =","Porayar","Tamil Nadu - Other",,,,,
"[173] =","Porbandar","Gujarat - Other",,,,,
"[2373] =","Port Blair","Andaman Nicobar Islands - Other",,,,,
"[2374] =","Porumamilla","Andhra Pradesh - Other",,,,,
"[2375] =","Porur","Tamil Nadu - Other",,,,,
"[2376] =","Potheri","Tamil Nadu - Other",,,,,
"[718] =","Prakasam","Andhra Pradesh - Other",,,,,
"[2377] =","Prakkilanka","All over India",,,,,
"[2378] =","Prantij","Gujarat - Other",,,,,
"[2379] =","Pratapgarh","Rajasthan - Other","Tripura",,,,
"[2380] =","Pratapgarh City","All over India",,,,,
"[2381] =","Pratappur","Maharashtra - Other",,,,,
"[2382] =","Prattipadu","Andhra Pradesh - Other",,,,,
"[2383] =","Proddatur","Andhra Pradesh - Other",,,,,
"[2384] =","Pudukkottai","Tamil Nadu - Other",,,,,
"[869] =","Pudukottai","Tamil Nadu - Other",,,,,
"[2385] =","Pulgaon","Maharashtra - Other",,,,,
"[2386] =","Pulwama","Jammu & Kashmir - Other",,,,,
"[2387] =","Punganur","Tamil Nadu - Other",,,,,
"[2388] =","Puranigudam","Assam - Other",,,,,
"[2389] =","Purigalli","All over India",,,,,
"[2390] =","Purnea","Bihar - Other",,,,,
"[2391] =","Purola","Uttarakhand - Other",,,,,
"[2392] =","Purulia","West Bengal - Other",,,,,
"[2393] =","Pusa","Bihar - Other",,,,,
"[1025] =","Pusad","Maharashtra - Other",,,,,
"[2394] =","Pusapatirega","Andhra Pradesh - Other",,,,,
"[2395] =","Puthanampatti","All over India",,,,,
"[2396] =","Puttur","Andhra Pradesh - Other",,,,,
"[2397] =","Quepem","Goa - Other",,,,,
"[2398] =","Rabakavi","Karnataka - Other",,,,,
"[2399] =","Radhanpur","Gujarat - Other",,,,,
"[2400] =","Rae Bareli","Uttar Pradesh - Other",,,,,
"[2401] =","Rafiganj","Bihar - Other",,,,,
"[1026] =","Raha","Assam - Other",,,,,
"[2402] =","Rahod","All over India",,,,,
"[2403] =","Rahuri","Maharashtra - Other",,,,,
"[2404] =","Raibag","Karnataka - Other",,,,,
"[2405] =","Raigarh","Chhattisgarh - Other",,,,,
"[2406] =","Raisen","Madhya Pradesh - Other",,,,,
"[2407] =","Raisingh Nagar","Rajasthan - Other",,,,,
"[826] =","Raja","All over India",,,,,
"[177] =","Rajahmundry","Andhra Pradesh - Other",,,,,
"[2408] =","Rajam","Andhra Pradesh - Other",,,,,
"[2409] =","Rajampet","Andhra Pradesh - Other",,,,,
"[2410] =","Rajdhanwar","Jharkhand - Other",,,,,
"[2411] =","Rajendranagar","Andhra Pradesh - Other",,,,,
"[2412] =","Rajendrapuram","All over India",,,,,
"[2413] =","Rajgad","Maharashtra - Other",,,,,
"[2414] =","Rajganj","Jharkhand - Other",,,,,
"[2415] =","Rajgarh","Madhya Pradesh - Other","Punjab",,,,
"[2416] =","Rajim","Chhattisgarh - Other",,,,,
"[2417] =","Rajmahal","Jharkhand - Other",,,,,
"[2418] =","Rajnagar","Orissa - Other",,,,,
"[2419] =","Rajnandgaon","Chhattisgarh - Other",,,,,
"[2420] =","Rajouri","Jammu & Kashmir - Other",,,,,
"[2421] =","Rajpipla","Gujarat - Other",,,,,
"[2422] =","Rajsamand","Rajasthan - Other",,,,,
"[2423] =","Rajura","Maharashtra - Other",,,,,
"[2424] =","Ralegaon","Maharashtra - Other",,,,,
"[2425] =","Ramachandrapuram","Andhra Pradesh - Other",,,,,
"[2426] =","Ramadurg","Karnataka - Other",,,,,
"[2427] =","Ramagire","Andhra Pradesh - Other",,,,,
"[2428] =","Ramakrishnapur","Andhra Pradesh - Other",,,,,
"[2429] =","Ramanagar","Maharashtra - Other",,,,,
"[2430] =","Ramanagara","Karnataka - Other",,,,,
"[2431] =","Ramanagaram","Karnataka - Other",,,,,
"[2432] =","Ramananapet","Andhra Pradesh - Other",,,,,
"[2433] =","Ramanandnagar","Maharashtra - Other",,,,,
"[2434] =","Ramanathapuram","Tamil Nadu - Other",,,,,
"[2435] =","Ramanathpuram","All over India",,,,,
"[2436] =","Ramatola","All over India",,,,,
"[2437] =","Ramgarh","Jharkhand - Other","Punjab",,,,
"[2438] =","Ramnagar","Uttarakhand - Other","Karnataka",,,,
"[2439] =","Rampachodavaram","Andhra Pradesh - Other",,,,,
"[2440] =","Rampur","Uttar Pradesh - Other",,,,,
"[2441] =","Rampura","Rajasthan - Other","Madhya Pradesh",,,,
"[2442] =","Ramtek","Maharashtra - Other",,,,,
"[2443] =","Ramunujganj","All over India",,,,,
"[2444] =","Randheja","Gujarat - Other",,,,,
"[1027] =","Ranebennur","Karnataka - Other",,,,,
"[1028] =","Rangapara","Assam - Other",,,,,
"[1029] =","Rangia","Assam - Other",,,,,
"[2445] =","Raniganj","Bihar - Other",,,,,
"[2446] =","Ranipur Mau","Karnataka - Other",,,,,
"[2447] =","Ranishwar","All over India",,,,,
"[2448] =","Ratanpur","Chhattisgarh - Other","Maharashtra","Uttar Pradesh",,,
"[2449] =","Ratlam","Madhya Pradesh - Other",,,,,
"[1030] =","Ratnagiri","Maharashtra - Other",,,,,
"[2450] =","Rattihalli","Karnataka - Other",,,,,
"[2451] =","Raver","Maharashtra - Other",,,,,
"[2452] =","Ravulapalem","Andhra Pradesh - Other",,,,,
"[2453] =","Raxaul","Bihar - Other",,,,,
"[2454] =","Rayachoty","Andhra Pradesh - Other",,,,,
"[2455] =","Rayagada","Orissa - Other",,,,,
"[1031] =","Rayavaram","Andhra Pradesh - Other",,,,,
"[2456] =","Razole","Andhra Pradesh - Other",,,,,
"[2457] =","Razole Mandal","Karnataka - Other",,,,,
"[773] =","Rewa","Madhya Pradesh - Other",,,,,
"[2458] =","Rewari","Haryana - Other",,,,,
"[2459] =","Ribandar","Goa - Other",,,,,
"[2460] =","Risod","Maharashtra - Other",,,,,
"[2461] =","Robersonpet","Karnataka - Other",,,,,
"[2462] =","Rohika","All over India",,,,,
"[2463] =","Rohtas","Bihar - Other",,,,,
"[2464] =","Ropar","Punjab - Other",,,,,
"[2465] =","Rosera","Bihar - Other",,,,,
"[10219] =","rourklela","Orissa - Other",,,,,
"[2466] =","Sabarkantha","Gujarat - Other",,,,,
"[2467] =","Sabroom","Tripura - Other",,,,,
"[2468] =","Sadak Arjuni","All over India",,,,,
"[2469] =","Sadashivagad","Karnataka - Other",,,,,
"[2470] =","Sadasivapet","Andhra Pradesh - Other",,,,,
"[2471] =","Sadat","Uttar Pradesh - Other",,,,,
"[2472] =","Sadiya","Assam - Other",,,,,
"[2473] =","Sadra","Rajasthan - Other",,,,,
"[2474] =","Sadulpur","Rajasthan - Other",,,,,
"[10177] =","Safidon","Haryana - Other",,,,,
"[754] =","Sagar","All over India",,,,,
"[2475] =","Sagar Road","Andhra Pradesh - Other",,,,,
"[2476] =","Sahada","All over India",,,,,
"[2477] =","Saharsa","Bihar - Other",,,,,
"[985] =","Sahib","Gujarat - Other",,,,,
"[2478] =","Sahibabad","Uttar Pradesh - Other",,,,,
"[2479] =","Sahibganj","Jharkhand - Other",,,,,
"[2480] =","Sahpur","Gujarat - Other",,,,,
"[2481] =","Sahshpurlohara","All over India",,,,,
"[2482] =","Sahugarh","Tamil Nadu - Other",,,,,
"[2483] =","Saidapet Taluk","Tamil Nadu - Other",,,,,
"[2484] =","Saiha","Mizoram - Other",,,,,
"[2485] =","Saja","Chhattisgarh - Other",,,,,
"[2486] =","Sakaleshpur","Karnataka - Other",,,,,
"[2487] =","Sakegaon","Maharashtra - Other",,,,,
"[2488] =","Sakoli","Maharashtra - Other",,,,,
"[2489] =","Sakra","Haryana - Other",,,,,
"[2490] =","Sakri","Maharashtra - Other",,,,,
"[2491] =","Sakti","Chhattisgarh - Other",,,,,
"[2492] =","Salcete","Goa - Other",,,,,
"[2493] =","Salekasa","Maharashtra - Other",,,,,
"[2494] =","Saligrama","Karnataka - Other",,,,,
"[2495] =","Salmari","All over India",,,,,
"[2496] =","Salur","Andhra Pradesh - Other",,,,,
"[2497] =","Samaria","All over India",,,,,
"[1032] =","Samastha","Assam - Other",,,,,
"[2498] =","Samastipur","Bihar - Other",,,,,
"[2499] =","Samathar","All over India",,,,,
"[1033] =","Sambalpur","Chhattisgarh - Other",,,,,
"[2500] =","Sambharlake","Rajasthan - Other",,,,,
"[2501] =","Samual","All over India",,,,,
"[2502] =","Samudrapur","Maharashtra - Other",,,,,
"[1085] =","Sangamner","Maharashtra - Other",,,,,
"[2503] =","Sangareddy","Andhra Pradesh - Other",,,,,
"[2504] =","Sangaria","Rajasthan - Other",,,,,
"[2505] =","Sangole","Maharashtra - Other",,,,,
"[2506] =","Sangrur","Punjab - Other",,,,,
"[2507] =","Sanivarapupeta","Andhra Pradesh - Other",,,,,
"[2508] =","Sankeshwar","Karnataka - Other",,,,,
"[2509] =","Sanosara","Gujarat - Other",,,,,
"[2510] =","Sanquelim","Goa - Other",,,,,
"[2511] =","Sant Ravidasnagar","Uttar Pradesh - Other",,,,,
"[2512] =","Saoli","Maharashtra - Other",,,,,
"[2513] =","Saoner","Maharashtra - Other",,,,,
"[2514] =","Sapatgram","Assam - Other",,,,,
"[2515] =","Saraipali","Chhattisgarh - Other",,,,,
"[1034] =","Saran","Bihar - Other",,,,,
"[2516] =","Sarangarh","Chhattisgarh - Other",,,,,
"[1035] =","Sardar","Rajasthan - Other",,,,,
"[2517] =","Sardarshahr","Rajasthan - Other",,,,,
"[2518] =","Sarisabpahi","All over India",,,,,
"[2519] =","Sarjapur","Karnataka - Other",,,,,
"[2520] =","Sarni","Maharashtra - Other",,,,,
"[2521] =","Sarupathar","Assam - Other",,,,,
"[2522] =","Sarupeta","Assam - Other",,,,,
"[2523] =","Sasaram","Bihar - Other",,,,,
"[2524] =","Sasaula Sabha","All over India",,,,,
"[2525] =","Satana","Maharashtra - Other",,,,,
"[2526] =","Sathebari","Assam - Other",,,,,
"[2527] =","Sathupalli","All over India",,,,,
"[2528] =","Satlasana","All over India",,,,,
"[1036] =","Satna","Madhya Pradesh - Other",,,,,
"[2529] =","Savadatti","Karnataka - Other",,,,,
"[2530] =","Savanur","Karnataka - Other",,,,,
"[2531] =","Savarkundla","Gujarat - Other",,,,,
"[2532] =","Sawai Madhopur","Rajasthan - Other",,,,,
"[2533] =","Sawana","Uttar Pradesh - Other",,,,,
"[844] =","Sawangi","Maharashtra - Other",,,,,
"[2534] =","Sawargaon","Maharashtra - Other",,,,,
"[2535] =","Sedam","Karnataka - Other",,,,,
"[2536] =","Seethanagaram","Andhra Pradesh - Other",,,,,
"[2537] =","Sehore","Madhya Pradesh - Other",,,,,
"[2538] =","Seloo","Maharashtra - Other",,,,,
"[2539] =","Senamura","All over India",,,,,
"[2540] =","Senapati","Maharashtra - Other",,,,,
"[2541] =","Seoni","Madhya Pradesh - Other",,,,,
"[2542] =","Serchhip","Mizoram - Other",,,,,
"[1037] =","Sevagram","Maharashtra - Other",,,,,
"[2543] =","Sevagram Warda","Maharashtra - Other",,,,,
"[2544] =","Shadnagar","Andhra Pradesh - Other",,,,,
"[2545] =","Shahabad","Karnataka - Other",,,,,
"[2546] =","Shahada","Maharashtra - Other",,,,,
"[2547] =","Shahapur","Karnataka - Other",,,,,
"[2548] =","Shahbad Markanda","Haryana - Other",,,,,
"[2549] =","Shahdol","Madhya Pradesh - Other",,,,,
"[2550] =","Shahganj","Uttar Pradesh - Other",,,,,
"[899] =","Shahjahanpur","Uttar Pradesh - Other",,,,,
"[2551] =","Shahmal Khairadeo","All over India",,,,,
"[2552] =","Shajapur","Madhya Pradesh - Other",,,,,
"[2553] =","Shakkarnagar","Andhra Pradesh - Other",,,,,
"[2554] =","Shamlaji","Gujarat - Other",,,,,
"[2555] =","Shamli","Uttar Pradesh - Other",,,,,
"[2556] =","Shankanraryana","Karnataka - Other",,,,,
"[2557] =","Shantinagar","Maharashtra - Other",,,,,
"[2558] =","Sharghati","All over India",,,,,
"[2559] =","Sheema","All over India",,,,,
"[1038] =","Shegaon","Maharashtra - Other",,,,,
"[2560] =","Sheikhpura","Bihar - Other",,,,,
"[2561] =","Shekhoura","All over India",,,,,
"[2562] =","Shendurjana Adhav","All over India",,,,,
"[2563] =","Shendurni","Maharashtra - Other",,,,,
"[2564] =","Sheopurkalan","All over India",,,,,
"[2565] =","Shiddaramappa","Andhra Pradesh - Other",,,,,
"[2566] =","Shidlaghatta","Karnataka - Other",,,,,
"[2567] =","Shigaon","All over India",,,,,
"[2568] =","Shikaripara","Jharkhand - Other",,,,,
"[2569] =","Shikaripur","All over India",,,,,
"[2570] =","Shikohabad","Uttar Pradesh - Other",,,,,
"[2571] =","Shilong","Meghalaya - Other",,,,,
"[2572] =","Shindkheda","All over India",,,,,
"[2573] =","Shingnapur","Maharashtra - Other",,,,,
"[2574] =","Shirahatti","Karnataka - Other",,,,,
"[2575] =","Shirala","Maharashtra - Other",,,,,
"[2576] =","Shiroda","Goa - Other",,,,,
"[1039] =","Shirpur","Maharashtra - Other",,,,,
"[2577] =","Shirur","Maharashtra - Other",,,,,
"[2578] =","Shirva","All over India",,,,,
"[2579] =","Shirval","Maharashtra - Other",,,,,
"[2580] =","Shivajinagar","Andhra Pradesh - Other",,,,,
"[2581] =","Shivaramapally","Andhra Pradesh - Other",,,,,
"[2582] =","Shivpuri","Madhya Pradesh - Other",,,,,
"[2583] =","Shopian","All over India",,,,,
"[2584] =","Shorapur","Karnataka - Other",,,,,
"[2585] =","Shravanabelgola","Karnataka - Other",,,,,
"[2586] =","Shreeramnagar","All over India",,,,,
"[2587] =","Shrigonda","Maharashtra - Other",,,,,
"[2588] =","Shrirampur","Maharashtra - Other",,,,,
"[2589] =","Sibsagar","Assam - Other",,,,,
"[2590] =","Siddapur","Karnataka - Other",,,,,
"[2591] =","Siddipet","Andhra Pradesh - Other",,,,,
"[2592] =","Sidhi","Maharashtra - Other",,,,,
"[2593] =","Sidhpur","Gujarat - Other",,,,,
"[2594] =","Sidhra","All over India",,,,,
"[1040] =","Sidhrawali","Haryana - Other",,,,,
"[2595] =","Sidhudurg","All over India",,,,,
"[2596] =","Sihaval Sidhi","All over India",,,,,
"[2597] =","Sihawa","Chhattisgarh - Other",,,,,
"[866] =","Sikar","Rajasthan - Other",,,,,
"[2598] =","Silapathar","All over India",,,,,
"[188] =","Silchar","Assam - Other",,,,,
"[2599] =","Sillod","Maharashtra - Other",,,,,
"[2600] =","Simbhaoli","Uttar Pradesh - Other",,,,,
"[2601] =","Simdega","Jharkhand - Other",,,,,
"[2602] =","Sindevahi","All over India",,,,,
"[2603] =","Sindgi","Karnataka - Other",,,,,
"[2604] =","Sindhkhed Raja","Maharashtra - Other",,,,,
"[2605] =","Sindhudurg","Maharashtra - Other",,,,,
"[2606] =","Sindhur","All over India",,,,,
"[2607] =","Sindri","Jharkhand - Other",,,,,
"[2608] =","Singhbhum","All over India",,,,,
"[2609] =","Singrauli","Madhya Pradesh - Other",,,,,
"[2610] =","Sinnar","Maharashtra - Other",,,,,
"[2611] =","Sipajha","Assam - Other",,,,,
"[2612] =","Sira","Karnataka - Other",,,,,
"[2613] =","Sirguppa","All over India",,,,,
"[2614] =","Sirmaur","Himachal Pradesh - Other",,,,,
"[1041] =","Sirohi","Rajasthan - Other",,,,,
"[2615] =","Sironcha","Maharashtra - Other",,,,,
"[2616] =","Sironj","Madhya Pradesh - Other",,,,,
"[2617] =","Sirsa","Haryana - Other",,,,,
"[2618] =","Sirsi","Karnataka - Other",,,,,
"[2619] =","Sirugnoor","All over India",,,,,
"[2620] =","Sitamarhi","Bihar - Other",,,,,
"[2621] =","Sitapur","Uttar Pradesh - Other","Uttarakhand",,,,
"[873] =","Sivakasi","Tamil Nadu - Other",,,,,
"[2622] =","Siwan","Bihar - Other",,,,,
"[2623] =","Somanahalli","Karnataka - Other",,,,,
"[2624] =","Somwarpet","Karnataka - Other",,,,,
"[2625] =","Sonai","Maharashtra - Other",,,,,
"[2626] =","Sonamura","Tripura - Other",,,,,
"[2627] =","Sonapur","Maharashtra - Other",,,,,
"[2628] =","Sonari","Assam - Other",,,,,
"[2629] =","Sonbarsa Raj","Bihar - Other",,,,,
"[2630] =","Sonbhadra","Uttar Pradesh - Other",,,,,
"[2632] =","Sonepur","Bihar - Other",,,,,
"[2633] =","Soneswar","All over India",,,,,
"[729] =","Sonitpur","Assam - Other",,,,,
"[2634] =","Sopore","Jammu & Kashmir - Other",,,,,
"[2635] =","Sorab","Karnataka - Other",,,,,
"[1042] =","Sorbhog","Assam - Other",,,,,
"[2636] =","South Arcot","Tamil Nadu - Other",,,,,
"[2637] =","South Coorg","Kerala - Other",,,,,
"[2638] =","Sriganganagar","All over India",,,,,
"[700] =","Srikakulam","Andhra Pradesh - Other",,,,,
"[2639] =","Srikaranpur","All over India",,,,,
"[2640] =","Srimangala","Karnataka - Other",,,,,
"[2641] =","Srinivasapura","Tamil Nadu - Other",,,,,
"[1043] =","Srirangam","Tamil Nadu - Other",,,,,
"[2642] =","Srirangapatna","Karnataka - Other",,,,,
"[2643] =","Srivaikuntam","Tamil Nadu - Other",,,,,
"[2644] =","Srivilliputhur","Tamil Nadu - Other",,,,,
"[2646] =","Srungavarapu Kota","Andhra Pradesh - Other",,,,,
"[2645] =","Srungavarapukota","Andhra Pradesh - Other",,,,,
"[2647] =","Sualkuchi","Assam - Other",,,,,
"[2648] =","Subha Chenga","All over India",,,,,
"[2649] =","Subramanya","Karnataka - Other",,,,,
"[2650] =","Sujangarh","Rajasthan - Other",,,,,
"[2651] =","Sukma","Chhattisgarh - Other",,,,,
"[814] =","Sullia","Karnataka - Other",,,,,
"[2652] =","Sullurpet","Andhra Pradesh - Other",,,,,
"[2653] =","Sultanganj","Bihar - Other","West Bengal",,,,
"[895] =","Sultanpur","Uttar Pradesh - Other",,,,,
"[2654] =","Sundargarh","Orissa - Other",,,,,
"[2655] =","Sundergarh","Orissa - Other",,,,,
"[2656] =","Sundernagar","Himachal Pradesh - Other",,,,,
"[2657] =","Sunkadakatte","Karnataka - Other",,,,,
"[2658] =","Supaul","Rajasthan - Other",,,,,
"[2659] =","Surajgarh","All over India",,,,,
"[2660] =","Surajpur","Chhattisgarh - Other",,,,,
"[2661] =","Suratgarh","Rajasthan - Other",,,,,
"[1044] =","Surathkal","Karnataka - Other",,,,,
"[10243] =","Surendranagar","Gujarat - Other",,,,,
"[10245] =","Suri,Birbhum","West Bengal - Other",,,,,
"[1045] =","Suryapet","Andhra Pradesh - Other",,,,,
"[2725] =","T Kallikulam","Tamil Nadu - Other",,,,,
"[2662] =","Tadepalligudem","Andhra Pradesh - Other",,,,,
"[2663] =","Tadubi","Manipur - Other",,,,,
"[2664] =","Tajpur","Bihar - Other",,,,,
"[2665] =","Takhatpur","Chhattisgarh - Other",,,,,
"[2666] =","Takyel","Manipur - Other",,,,,
"[854] =","Tal","Madhya Pradesh - Other",,,,,
"[2672] =","Tal Ravar","Maharashtra - Other",,,,,
"[2673] =","Tal Sakri","Maharashtra - Other",,,,,
"[2667] =","Talikoti","Karnataka - Other",,,,,
"[2668] =","Tallpady","Karnataka - Other",,,,,
"[2669] =","Talmavale","Maharashtra - Other",,,,,
"[2670] =","Talod","Gujarat - Other",,,,,
"[2671] =","Taloda","Maharashtra - Other",,,,,
"[2674] =","Talwari","Uttarakhand - Other",,,,,
"[2675] =","Tamba","All over India",,,,,
"[1046] =","Tambaram","Tamil Nadu - Other",,,,,
"[2676] =","Tamenglong","Manipur - Other",,,,,
"[2677] =","Tandur","Andhra Pradesh - Other",,,,,
"[2678] =","Tangla","Assam - Other",,,,,
"[2679] =","Tanjavur","Tamil Nadu - Other",,,,,
"[710] =","Tanuku","Andhra Pradesh - Other",,,,,
"[2680] =","Tarahumase","All over India",,,,,
"[1047] =","Tarapur","Madhya Pradesh - Other","Orissa","Maharashtra",,,
"[2681] =","Tarar","All over India",,,,,
"[2682] =","Tardal Bijapur","All over India",,,,,
"[2683] =","Tarihal","Karnataka - Other",,,,,
"[2684] =","Tarikere","Karnataka - Other",,,,,
"[2685] =","Tarlupadu","Andhra Pradesh - Other",,,,,
"[2686] =","Tarwara","Bihar - Other",,,,,
"[2687] =","Tasgaon","Maharashtra - Other",,,,,
"[2688] =","Tehri","Uttarakhand - Other",,,,,
"[2689] =","Tehri Garhwal","Uttarakhand - Other",,,,,
"[2690] =","Tekari","Bihar - Other",,,,,
"[2691] =","Tekkali","Andhra Pradesh - Other",,,,,
"[2692] =","Tendur","All over India",,,,,
"[2693] =","Teosa","Maharashtra - Other",,,,,
"[2694] =","Tezu","Arunachal Pradesh - Other",,,,,
"[2695] =","Thara","Gujarat - Other",,,,,
"[2697] =","The Nilgiris","Orissa - Other",,,,,
"[2696] =","Theni","Tamil Nadu - Other",,,,,
"[1049] =","Thiruchirappalli","Tamil Nadu - Other",,,,,
"[2698] =","Thirukazhukundram","Tamil Nadu - Other",,,,,
"[2699] =","Thirunavalur","All over India",,,,,
"[2700] =","Thiruppanandalll","Tamil Nadu - Other",,,,,
"[2701] =","Thiruvaiyaru","Tamil Nadu - Other",,,,,
"[881] =","Thiruvallur","Tamil Nadu - Other",,,,,
"[1050] =","Thiruvalluvar","All over India",,,,,
"[2702] =","Thiruvalur","All over India",,,,,
"[2703] =","Thiruvarur","Tamil Nadu - Other",,,,,
"[2704] =","Thiruvithancode","Tamil Nadu - Other",,,,,
"[2705] =","Tholayavattam","Tamil Nadu - Other",,,,,
"[875] =","Thoothukudi","Tamil Nadu - Other",,,,,
"[2706] =","Thorapakkam","Tamil Nadu - Other",,,,,
"[2707] =","Thoubal","Manipur - Other",,,,,
"[195] =","Thrissur","Kerala - Other",,,,,
"[10229] =","Thuckalay","Tamil Nadu - Other",,,,,
"[2708] =","Thugaon","Maharashtra - Other",,,,,
"[2709] =","Thumbay","All over India",,,,,
"[2710] =","Tigaon","Haryana - Other",,,,,
"[2711] =","Tihu","Assam - Other",,,,,
"[2712] =","Tikamgarh","Madhya Pradesh - Other",,,,,
"[2713] =","Tikota","Karnataka - Other",,,,,
"[2714] =","Timrani","Madhya Pradesh - Other",,,,,
"[2715] =","Tingkhong","Assam - Other",,,,,
"[2716] =","Tinsukia","Assam - Other",,,,,
"[1051] =","Tiptur","Karnataka - Other",,,,,
"[2717] =","Tirap","Arunachal Pradesh - Other",,,,,
"[2718] =","Tiroda","Maharashtra - Other",,,,,
"[1052] =","Tiruchendur","Tamil Nadu - Other",,,,,
"[1053] =","Tiruchengode","Tamil Nadu - Other",,,,,
"[1054] =","Tiruchirapalli","Tamil Nadu - Other",,,,,
"[2719] =","Tirumangalam","Tamil Nadu - Other",,,,,
"[2720] =","Tiruninravur","Tamil Nadu - Other",,,,,
"[2721] =","Tiruvalengadu","Tamil Nadu - Other",,,,,
"[2722] =","Tiruvannamalai","Tamil Nadu - Other",,,,,
"[2723] =","Tiruvannmalai","Tamil Nadu - Other",,,,,
"[2724] =","Titabar","Assam - Other",,,,,
"[2726] =","Toludur","Tamil Nadu - Other",,,,,
"[2727] =","Tonk","Rajasthan - Other",,,,,
"[2728] =","Toopran","Andhra Pradesh - Other",,,,,
"[2729] =","Tral","All over India",,,,,
"[2730] =","Trimuhanghat Chandauna","All over India",,,,,
"[2731] =","Tuensang","Nagaland - Other",,,,,
"[2732] =","Tukkanatti","Karnataka - Other",,,,,
"[2733] =","Tukum","All over India",,,,,
"[2734] =","Tuljapur","Maharashtra - Other",,,,,
"[2735] =","Tumsar","Maharashtra - Other",,,,,
"[2736] =","Tundla","Uttar Pradesh - Other",,,,,
"[1055] =","Tuni","Andhra Pradesh - Other",,,,,
"[2737] =","Tura","Meghalaya - Other",,,,,
"[2738] =","Turnur","All over India",,,,,
"[2739] =","Turuvekere","Karnataka - Other",,,,,
"[201] =","Tuticorin","Tamil Nadu - Other",,,,,
"[2740] =","Tuvinakere","Karnataka - Other",,,,,
"[2741] =","Udagamandalam","Tamil Nadu - Other",,,,,
"[2742] =","Udayagiri","Orissa - Other",,,,,
"[2743] =","Udgir","Maharashtra - Other",,,,,
"[2744] =","Udhagamandalam","Tamil Nadu - Other",,,,,
"[2745] =","Udhampur","Jammu & Kashmir - Other",,,,,
"[2746] =","Udhamsingh Nagar","Uttarakhand - Other",,,,,
"[2747] =","Ujire","Karnataka - Other",,,,,
"[10235] =","ujjain, m.p.","Madhya Pradesh - Other",,,,,
"[2748] =","Ukhrul","Manipur - Other",,,,,
"[2749] =","Ulga Karwar","Karnataka - Other",,,,,
"[2750] =","Ulhasnagar","Maharashtra - Other",,,,,
"[2751] =","Ullal","Karnataka - Other",,,,,
"[2752] =","Umarer","All over India",,,,,
"[2753] =","Umaria","Madhya Pradesh - Other",,,,,
"[1056] =","Umarkhed","Maharashtra - Other",,,,,
"[2754] =","Umbraj","Maharashtra - Other",,,,,
"[2755] =","Umerer","Maharashtra - Other",,,,,
"[2756] =","Umerga","Karnataka - Other",,,,,
"[2757] =","Umrer","Maharashtra - Other",,,,,
"[778] =","Una","Gujarat - Other",,,,,
"[2758] =","Unjha","Gujarat - Other",,,,,
"[2759] =","Unnao","Uttar Pradesh - Other",,,,,
"[2760] =","Uppinangady","Karnataka - Other",,,,,
"[2761] =","Utai","Chhattisgarh - Other",,,,,
"[2762] =","Uttara Kannada","Karnataka - Other",,,,,
"[2763] =","Uttarkashi","Uttarakhand - Other",,,,,
"[2764] =","Vadakkankulam","Tamil Nadu - Other",,,,,
"[2765] =","Vadali","Gujarat - Other",,,,,
"[2766] =","Vadnagar","Gujarat - Other",,,,,
"[206] =","Vadodara/baroda","Gujarat - Other",,,,,
"[2768] =","Vaduj","Maharashtra - Other",,,,,
"[2770] =","Vajreshwari","Maharashtra - Other",,,,,
"[2771] =","Valia","Gujarat - Other",,,,,
"[759] =","Vallabh Vidyanagar","Gujarat - Other",,,,,
"[763] =","Vallabh Vidynagar","All over India",,,,,
"[2772] =","Valod","Gujarat - Other",,,,,
"[207] =","Valsad","Gujarat - Other",,,,,
"[2773] =","Vamadapadav","Karnataka - Other",,,,,
"[2774] =","Vanagaram","Tamil Nadu - Other",,,,,
"[2775] =","Vanashalipuram","Andhra Pradesh - Other",,,,,
"[852] =","Vani","Maharashtra - Other",,,,,
"[1057] =","Vaniyambadi","Tamil Nadu - Other",,,,,
"[2776] =","Vanoja","All over India",,,,,
"[2777] =","Vansda","Gujarat - Other",,,,,
"[208] =","Vapi","Gujarat - Other",,,,,
"[2778] =","Vasco","Goa - Other",,,,,
"[2779] =","Vayalpadu","Andhra Pradesh - Other",,,,,
"[2780] =","Vedikhal","Uttarakhand - Other",,,,,
"[2781] =","Vedrd","All over India",,,,,
"[2782] =","Veeravasaram","Andhra Pradesh - Other",,,,,
"[2783] =","Veraval","Gujarat - Other",,,,,
"[2784] =","Verem","Goa - Other",,,,,
"[2785] =","Verna","Goa - Other",,,,,
"[856] =","Vidisha","Madhya Pradesh - Other",,,,,
"[2786] =","Vidyanagar","Andhra Pradesh - Other",,,,,
"[2787] =","Viginigiri","All over India",,,,,
"[2788] =","Vijapur","Gujarat - Other",,,,,
"[2789] =","Vijayanagar","Karnataka - Other",,,,,
"[2790] =","Vijaynagar","All over India",,,,,
"[2791] =","Vikarabad","Andhra Pradesh - Other",,,,,
"[2792] =","Vilad Ghat","Maharashtra - Other",,,,,
"[879] =","Villupuram","Tamil Nadu - Other",,,,,
"[2793] =","Virajpet","Karnataka - Other",,,,,
"[2794] =","Virpor","Gujarat - Other",,,,,
"[2795] =","Virudhunagar","All over India",,,,,
"[2796] =","Visnagar","Gujarat - Other",,,,,
"[1058] =","Vizianagaram","Andhra Pradesh - Other",,,,,
"[2797] =","Vridhachalam","Tamil Nadu - Other",,,,,
"[892] =","Vrindavan","Uttar Pradesh - Other",,,,,
"[2798] =","Vyara","Gujarat - Other",,,,,
"[2799] =","Wadrafnagar","Chhattisgarh - Other",,,,,
"[2800] =","Wai","Maharashtra - Other",,,,,
"[2801] =","Walgaon","Maharashtra - Other",,,,,
"[2802] =","Waltair","Andhra Pradesh - Other",,,,,
"[2803] =","Wanaparthy","Andhra Pradesh - Other",,,,,
"[2804] =","Wangjing","Manipur - Other",,,,,
"[2805] =","Wani","Maharashtra - Other",,,,,
"[2806] =","Warananagar","Maharashtra - Other",,,,,
"[2807] =","Warora","Maharashtra - Other",,,,,
"[2808] =","Warshaliganj","Bihar - Other",,,,,
"[2809] =","Warud","Madhya Pradesh - Other",,,,,
"[2810] =","Warwatbakal","Maharashtra - Other",,,,,
"[10236] =","WASHI","Maharashtra - Other",,,,,
"[2811] =","Washim","Maharashtra - Other",,,,,
"[2812] =","Wazirganj","Uttar Pradesh - Other",,,,,
"[2813] =","West Champaran","Bihar - Other",,,,,
"[2814] =","West Dinajpur","West Bengal - Other",,,,,
"[711] =","West Godavari","Andhra Pradesh - Other",,,,,
"[2815] =","West Kameng","Arunachal Pradesh - Other",,,,,
"[2816] =","West Siang","Arunachal Pradesh - Other",,,,,
"[2817] =","Wokha","Nagaland - Other",,,,,
"[2818] =","Wonparthy","Andhra Pradesh - Other",,,,,
"[2819] =","Wyra","Andhra Pradesh - Other",,,,,
"[2820] =","Yadgir","Karnataka - Other",,,,,
"[2821] =","Yalandur","Karnataka - Other",,,,,
"[2822] =","Yallpur","Karnataka - Other",,,,,
"[940] =","Yamunanagar","Haryana - Other",,,,,
"[2824] =","Yanam","Andhra Pradesh - Other",,,,,
"[2826] =","Yelamanchili","Andhra Pradesh - Other",,,,,
"[2827] =","Yelburga","Karnataka - Other",,,,,
"[2828] =","Yellandu","Andhra Pradesh - Other",,,,,
"[2829] =","Yeoda","Maharashtra - Other",,,,,
"[2830] =","Yeola","Maharashtra - Other",,,,,
"[2831] =","Yeotmal","All over India",,,,,
"[950] =","York","All over India",,,,,
"[2832] =","Yuvatmal","Maharashtra - Other",,,,,
"[2833] =","Zahirabad","Andhra Pradesh - Other",,,,,
"[2834] =","Zunheboto","Nagaland - Other",,,,,
